timestamp,src_ip,dst_ip,packet_size,latency,protocol,packet_loss
2026-04-14 13:40:58.182348,192.168.1.132,10.0.0.90,393,55.5835929890184,TCP,0
2026-04-14 13:40:59.182348,192.168.1.191,10.0.0.113,472,62.253099657795545,UDP,0
2026-04-14 13:41:00.182348,192.168.1.194,10.0.0.239,1140,35.8215474521889,TCP,0
2026-04-14 13:41:01.182348,192.168.1.163,10.0.0.20,733,58.24006751082805,UDP,0
2026-04-14 13:41:02.182348,192.168.1.44,10.0.0.239,1182,43.9474230569012,TCP,0
2026-04-14 13:41:03.182348,192.168.1.85,10.0.0.218,1424,60.926025922135494,TCP,0
2026-04-14 13:41:04.182348,192.168.1.133,10.0.0.194,1118,52.43455179294044,TCP,0
2026-04-14 13:41:05.182348,192.168.1.14,10.0.0.87,370,43.958731396927,UDP,0
2026-04-14 13:41:06.182348,192.168.1.254,10.0.0.166,141,56.22475630850962,TCP,0
2026-04-14 13:41:07.182348,192.168.1.29,10.0.0.34,571,47.20599366867239,UDP,0
2026-04-14 13:41:08.182348,192.168.1.162,10.0.0.252,362,66.88328015870903,TCP,0
2026-04-14 13:41:09.182348,192.168.1.193,10.0.0.48,731,36.16109244845783,UDP,0
2026-04-14 13:41:10.182348,192.168.1.35,10.0.0.16,374,38.37830925766314,TCP,0
2026-04-14 13:41:11.182348,192.168.1.86,10.0.0.40,1443,43.22513945378601,TCP,0
2026-04-14 13:41:12.182348,192.168.1.241,10.0.0.1,279,250.0,TCP,0
2026-04-14 13:41:13.182348,192.168.1.82,10.0.0.151,1055,51.124370496264966,TCP,0
2026-04-14 13:41:14.182348,192.168.1.245,10.0.0.181,790,34.63302660242613,UDP,0
2026-04-14 13:41:15.182348,192.168.1.78,10.0.0.181,1136,49.95068804887838,TCP,0
2026-04-14 13:41:16.182348,192.168.1.150,10.0.0.234,1344,57.61150418968968,TCP,0
2026-04-14 13:41:17.182348,192.168.1.137,10.0.0.87,1131,29.666807139348816,TCP,0
2026-04-14 13:41:18.182348,192.168.1.141,10.0.0.8,1445,41.040075567012735,TCP,0
2026-04-14 13:41:19.182348,192.168.1.89,10.0.0.171,1359,240.0,TCP,0
2026-04-14 13:41:20.182348,192.168.1.134,10.0.0.77,1454,50.78411324870289,UDP,0
2026-04-14 13:41:21.182348,192.168.1.81,10.0.0.151,1314,60.18580468552715,UDP,1
2026-04-14 13:41:22.182348,192.168.1.31,10.0.0.166,730,52.98418460534548,TCP,0
2026-04-14 13:41:23.182348,192.168.1.134,10.0.0.150,579,50.62124545082238,TCP,0
2026-04-14 13:41:24.182348,192.168.1.115,10.0.0.89,157,55.452214703181866,TCP,0
2026-04-14 13:41:25.182348,192.168.1.94,10.0.0.161,80,57.866805795019765,TCP,0
2026-04-14 13:41:26.182348,192.168.1.164,10.0.0.237,436,48.63840104725462,UDP,0
2026-04-14 13:41:27.182348,192.168.1.163,10.0.0.5,508,50.224286865687276,TCP,0
2026-04-14 13:41:28.182348,192.168.1.146,10.0.0.114,587,46.73878035693979,TCP,0
2026-04-14 13:41:29.182348,192.168.1.53,10.0.0.25,232,72.12017677726676,TCP,0
2026-04-14 13:41:30.182348,192.168.1.154,10.0.0.140,776,38.870649864316775,UDP,0
2026-04-14 13:41:31.182348,192.168.1.38,10.0.0.16,1334,38.712658496336644,TCP,0
2026-04-14 13:41:32.182348,192.168.1.112,10.0.0.161,874,53.95320457405637,UDP,0
2026-04-14 13:41:33.182348,192.168.1.227,10.0.0.244,401,60.22486586657392,UDP,0
2026-04-14 13:41:34.182348,192.168.1.84,10.0.0.143,1099,59.63284100333569,UDP,0
2026-04-14 13:41:35.182348,192.168.1.200,10.0.0.124,1212,47.842037545655245,TCP,0
2026-04-14 13:41:36.182348,192.168.1.32,10.0.0.187,468,49.812757919103,UDP,0
2026-04-14 13:41:37.182348,192.168.1.22,10.0.0.181,1096,42.188061997325136,TCP,0
2026-04-14 13:41:38.182348,192.168.1.206,10.0.0.196,1259,45.95660139202612,UDP,0
2026-04-14 13:41:39.182348,192.168.1.39,10.0.0.205,1036,61.532168461527874,TCP,0
2026-04-14 13:41:40.182348,192.168.1.190,10.0.0.34,1240,47.14018105697311,TCP,0
2026-04-14 13:41:41.182348,192.168.1.102,10.0.0.138,1003,46.60154095553479,TCP,0
2026-04-14 13:41:42.182348,192.168.1.238,10.0.0.214,985,41.701241252095706,TCP,0
2026-04-14 13:41:43.182348,192.168.1.22,10.0.0.11,1331,46.84583960110579,UDP,0
2026-04-14 13:41:44.182348,192.168.1.204,10.0.0.161,1365,54.10430798371869,TCP,0
2026-04-14 13:41:45.182348,192.168.1.56,10.0.0.26,452,73.28132079902907,UDP,0
2026-04-14 13:41:46.182348,192.168.1.49,10.0.0.161,1361,58.76798169089335,UDP,0
2026-04-14 13:41:47.182348,192.168.1.226,10.0.0.64,1385,37.85551544855377,TCP,0
2026-04-14 13:41:48.182348,192.168.1.112,10.0.0.53,312,61.21270324124402,TCP,0
2026-04-14 13:41:49.182348,192.168.1.49,10.0.0.124,454,50.545781357147156,UDP,0
2026-04-14 13:41:50.182348,192.168.1.24,10.0.0.239,938,28.90903710893219,UDP,0
2026-04-14 13:41:51.182348,192.168.1.79,10.0.0.185,1328,50.611602788670595,UDP,0
2026-04-14 13:41:52.182348,192.168.1.15,10.0.0.216,575,53.96888302569195,TCP,0
2026-04-14 13:41:53.182348,192.168.1.110,10.0.0.144,539,63.506007454074535,TCP,0
2026-04-14 13:41:54.182348,192.168.1.116,10.0.0.215,1279,48.40021310571323,UDP,0
2026-04-14 13:41:55.182348,192.168.1.83,10.0.0.116,685,33.3163175343723,UDP,0
2026-04-14 13:41:56.182348,192.168.1.51,10.0.0.77,534,69.2779118600064,UDP,0
2026-04-14 13:41:57.182348,192.168.1.249,10.0.0.64,64,48.81707542085549,TCP,0
2026-04-14 13:41:58.182348,192.168.1.116,10.0.0.211,195,63.689924718887795,UDP,0
2026-04-14 13:41:59.182348,192.168.1.54,10.0.0.142,1444,46.6791750769809,UDP,0
2026-04-14 13:42:00.182348,192.168.1.54,10.0.0.108,582,45.934197608204755,UDP,0
2026-04-14 13:42:01.182348,192.168.1.203,10.0.0.144,1458,214.0,TCP,0
2026-04-14 13:42:02.182348,192.168.1.47,10.0.0.45,1175,48.60000773690325,UDP,0
2026-04-14 13:42:03.182348,192.168.1.68,10.0.0.243,1234,36.10913294688618,UDP,0
2026-04-14 13:42:04.182348,192.168.1.155,10.0.0.191,822,49.9760034799709,TCP,0
2026-04-14 13:42:05.182348,192.168.1.42,10.0.0.231,735,44.16804644276346,TCP,0
2026-04-14 13:42:06.182348,192.168.1.23,10.0.0.38,1050,52.65860559732823,UDP,0
2026-04-14 13:42:07.182348,192.168.1.51,10.0.0.150,247,65.81506879101659,UDP,0
2026-04-14 13:42:08.182348,192.168.1.142,10.0.0.95,872,59.30519211538824,TCP,0
2026-04-14 13:42:09.182348,192.168.1.54,10.0.0.248,216,58.46455665761945,UDP,0
2026-04-14 13:42:10.182348,192.168.1.156,10.0.0.213,459,67.05916839259052,TCP,0
2026-04-14 13:42:11.182348,192.168.1.94,10.0.0.14,1020,44.498872399208174,TCP,0
2026-04-14 13:42:12.182348,192.168.1.134,10.0.0.171,979,36.169556892885005,UDP,0
2026-04-14 13:42:13.182348,192.168.1.234,10.0.0.147,1146,53.793861218129905,TCP,0
2026-04-14 13:42:14.182348,192.168.1.203,10.0.0.75,1485,56.29093192504817,UDP,0
2026-04-14 13:42:15.182348,192.168.1.115,10.0.0.245,510,49.14708315371676,UDP,0
2026-04-14 13:42:16.182348,192.168.1.186,10.0.0.24,1200,48.43442653253099,UDP,0
2026-04-14 13:42:17.182348,192.168.1.130,10.0.0.217,356,57.27585847302621,UDP,0
2026-04-14 13:42:18.182348,192.168.1.234,10.0.0.247,1105,63.535911706618315,TCP,0
2026-04-14 13:42:19.182348,192.168.1.118,10.0.0.249,699,54.303721938502825,UDP,0
2026-04-14 13:42:20.182348,192.168.1.218,10.0.0.50,951,63.01962556877736,TCP,0
2026-04-14 13:42:21.182348,192.168.1.150,10.0.0.169,79,57.17846368069049,UDP,0
2026-04-14 13:42:22.182348,192.168.1.204,10.0.0.100,388,50.64341898883152,UDP,0
2026-04-14 13:42:23.182348,192.168.1.151,10.0.0.27,822,53.485665049550214,UDP,0
2026-04-14 13:42:24.182348,192.168.1.38,10.0.0.128,916,66.3731840649127,UDP,0
2026-04-14 13:42:25.182348,192.168.1.244,10.0.0.37,138,40.97365234478502,UDP,0
2026-04-14 13:42:26.182348,192.168.1.233,10.0.0.125,453,59.20972259258983,UDP,0
2026-04-14 13:42:27.182348,192.168.1.206,10.0.0.183,910,54.14413016081972,UDP,0
2026-04-14 13:42:28.182348,192.168.1.165,10.0.0.197,1374,69.99904851586011,UDP,0
2026-04-14 13:42:29.182348,192.168.1.195,10.0.0.26,172,45.41570206324276,TCP,0
2026-04-14 13:42:30.182348,192.168.1.8,10.0.0.68,503,33.88174545461582,UDP,0
2026-04-14 13:42:31.182348,192.168.1.3,10.0.0.237,517,70.60117380651366,UDP,0
2026-04-14 13:42:32.182348,192.168.1.67,10.0.0.218,477,59.975638028320546,UDP,0
2026-04-14 13:42:33.182348,192.168.1.120,10.0.0.89,1251,50.57692092133177,TCP,0
2026-04-14 13:42:34.182348,192.168.1.244,10.0.0.103,158,44.25886077163937,UDP,0
2026-04-14 13:42:35.182348,192.168.1.13,10.0.0.149,547,76.13926292478088,TCP,0
2026-04-14 13:42:36.182348,192.168.1.45,10.0.0.39,793,39.673636120324964,UDP,0
2026-04-14 13:42:37.182348,192.168.1.83,10.0.0.157,297,51.429075558238225,UDP,0
2026-04-14 13:42:38.182348,192.168.1.242,10.0.0.117,686,54.02979639483429,TCP,0
2026-04-14 13:42:39.182348,192.168.1.7,10.0.0.47,1028,44.378490237720115,UDP,0
2026-04-14 13:42:40.182348,192.168.1.248,10.0.0.140,510,40.2401211268394,UDP,1
2026-04-14 13:42:41.182348,192.168.1.174,10.0.0.183,491,63.45975230854812,TCP,0
2026-04-14 13:42:42.182348,192.168.1.84,10.0.0.133,1015,61.10230705532435,UDP,0
2026-04-14 13:42:43.182348,192.168.1.149,10.0.0.239,1246,42.93810685949951,UDP,0
2026-04-14 13:42:44.182348,192.168.1.177,10.0.0.214,220,35.24944654832019,UDP,0
2026-04-14 13:42:45.182348,192.168.1.14,10.0.0.234,1177,46.353481320220915,UDP,0
2026-04-14 13:42:46.182348,192.168.1.57,10.0.0.248,1402,64.87384316658735,UDP,0
2026-04-14 13:42:47.182348,192.168.1.235,10.0.0.72,1133,61.55740389369598,UDP,0
2026-04-14 13:42:48.182348,192.168.1.86,10.0.0.150,398,272.0,UDP,0
2026-04-14 13:42:49.182348,192.168.1.104,10.0.0.163,185,54.64924390078766,TCP,0
2026-04-14 13:42:50.182348,192.168.1.234,10.0.0.130,852,45.89872673831524,TCP,0
2026-04-14 13:42:51.182348,192.168.1.38,10.0.0.38,473,44.09398549118101,TCP,0
2026-04-14 13:42:52.182348,192.168.1.58,10.0.0.171,864,44.72377731092447,UDP,0
2026-04-14 13:42:53.182348,192.168.1.36,10.0.0.38,259,39.36684962392182,TCP,1
2026-04-14 13:42:54.182348,192.168.1.49,10.0.0.249,1192,32.47601039913668,UDP,0
2026-04-14 13:42:55.182348,192.168.1.208,10.0.0.55,119,47.061836552286465,TCP,0
2026-04-14 13:42:56.182348,192.168.1.154,10.0.0.231,1423,45.5334597784505,UDP,1
2026-04-14 13:42:57.182348,192.168.1.161,10.0.0.237,1162,54.05803585435419,TCP,0
2026-04-14 13:42:58.182348,192.168.1.3,10.0.0.218,1125,51.95559995053465,UDP,0
2026-04-14 13:42:59.182348,192.168.1.9,10.0.0.68,327,65.51354163234092,UDP,0
2026-04-14 13:43:00.182348,192.168.1.43,10.0.0.145,942,48.90410622296887,TCP,0
2026-04-14 13:43:01.182348,192.168.1.135,10.0.0.183,770,53.992170037023854,TCP,0
2026-04-14 13:43:02.182348,192.168.1.231,10.0.0.102,1244,48.254083853624216,UDP,0
2026-04-14 13:43:03.182348,192.168.1.92,10.0.0.193,1384,40.213639399344615,UDP,0
2026-04-14 13:43:04.182348,192.168.1.49,10.0.0.225,346,46.42129223164087,TCP,0
2026-04-14 13:43:05.182348,192.168.1.186,10.0.0.54,472,55.676992681760076,UDP,0
2026-04-14 13:43:06.182348,192.168.1.92,10.0.0.157,692,42.75171992034413,TCP,0
2026-04-14 13:43:07.182348,192.168.1.179,10.0.0.144,1274,42.344387799267686,UDP,0
2026-04-14 13:43:08.182348,192.168.1.176,10.0.0.218,987,86.14893866048172,UDP,0
2026-04-14 13:43:09.182348,192.168.1.11,10.0.0.30,241,66.36764705512506,UDP,0
2026-04-14 13:43:10.182348,192.168.1.176,10.0.0.190,1452,47.29383548543313,UDP,0
2026-04-14 13:43:11.182348,192.168.1.159,10.0.0.134,94,40.63923928451642,UDP,0
2026-04-14 13:43:12.182348,192.168.1.229,10.0.0.31,1237,44.1085214956195,TCP,0
2026-04-14 13:43:13.182348,192.168.1.117,10.0.0.237,896,47.05068256228181,UDP,0
2026-04-14 13:43:14.182348,192.168.1.186,10.0.0.204,934,51.73717848591086,UDP,0
2026-04-14 13:43:15.182348,192.168.1.29,10.0.0.111,1474,53.44343902163287,UDP,0
2026-04-14 13:43:16.182348,192.168.1.139,10.0.0.165,1137,70.58924144647324,UDP,0
2026-04-14 13:43:17.182348,192.168.1.178,10.0.0.252,934,50.501412236416286,UDP,1
2026-04-14 13:43:18.182348,192.168.1.221,10.0.0.10,1096,57.76915128592667,UDP,0
2026-04-14 13:43:19.182348,192.168.1.116,10.0.0.96,224,54.96835159629278,UDP,0
2026-04-14 13:43:20.182348,192.168.1.188,10.0.0.98,1484,49.02789973749397,UDP,0
2026-04-14 13:43:21.182348,192.168.1.145,10.0.0.120,1024,62.87167542459595,UDP,0
2026-04-14 13:43:22.182348,192.168.1.124,10.0.0.123,486,60.84125851172185,TCP,0
2026-04-14 13:43:23.182348,192.168.1.252,10.0.0.97,453,49.703834373760465,TCP,0
2026-04-14 13:43:24.182348,192.168.1.174,10.0.0.14,1428,51.35346381335756,UDP,0
2026-04-14 13:43:25.182348,192.168.1.108,10.0.0.85,741,58.889713990061715,TCP,0
2026-04-14 13:43:26.182348,192.168.1.111,10.0.0.47,1390,30.05942520462585,TCP,0
2026-04-14 13:43:27.182348,192.168.1.25,10.0.0.32,649,59.14293740953903,UDP,0
2026-04-14 13:43:28.182348,192.168.1.148,10.0.0.166,1290,53.91025028798667,TCP,0
2026-04-14 13:43:29.182348,192.168.1.181,10.0.0.178,657,60.31594915987433,UDP,0
2026-04-14 13:43:30.182348,192.168.1.158,10.0.0.153,260,200.0,TCP,0
2026-04-14 13:43:31.182348,192.168.1.214,10.0.0.242,1242,68.15379467453833,UDP,0
2026-04-14 13:43:32.182348,192.168.1.168,10.0.0.111,762,47.19926263392442,TCP,0
2026-04-14 13:43:33.182348,192.168.1.241,10.0.0.164,1044,57.670092666161636,TCP,0
2026-04-14 13:43:34.182348,192.168.1.190,10.0.0.183,624,46.001264498299165,UDP,0
2026-04-14 13:43:35.182348,192.168.1.182,10.0.0.121,1222,43.736373665188744,UDP,0
2026-04-14 13:43:36.182348,192.168.1.216,10.0.0.162,1004,47.91953713449735,TCP,0
2026-04-14 13:43:37.182348,192.168.1.207,10.0.0.123,345,55.322103515496735,UDP,0
2026-04-14 13:43:38.182348,192.168.1.78,10.0.0.222,893,49.8950012775982,TCP,0
2026-04-14 13:43:39.182348,192.168.1.170,10.0.0.21,420,244.0,TCP,0
2026-04-14 13:43:40.182348,192.168.1.136,10.0.0.174,280,47.00322855154414,UDP,0
2026-04-14 13:43:41.182348,192.168.1.72,10.0.0.117,1462,230.0,TCP,0
2026-04-14 13:43:42.182348,192.168.1.91,10.0.0.79,1163,39.34277087212134,UDP,0
2026-04-14 13:43:43.182348,192.168.1.201,10.0.0.215,831,40.045198402351936,TCP,0
2026-04-14 13:43:44.182348,192.168.1.95,10.0.0.150,853,45.11205025981591,UDP,0
2026-04-14 13:43:45.182348,192.168.1.241,10.0.0.190,1133,57.02036206506492,TCP,0
2026-04-14 13:43:46.182348,192.168.1.4,10.0.0.42,733,44.1838428854899,TCP,0
2026-04-14 13:43:47.182348,192.168.1.96,10.0.0.28,1126,67.40762289448573,UDP,0
2026-04-14 13:43:48.182348,192.168.1.166,10.0.0.40,676,46.23870567122205,TCP,0
2026-04-14 13:43:49.182348,192.168.1.23,10.0.0.223,569,46.57673894372072,TCP,0
2026-04-14 13:43:50.182348,192.168.1.184,10.0.0.90,582,46.144998749193796,UDP,0
2026-04-14 13:43:51.182348,192.168.1.30,10.0.0.240,534,50.06489004278226,UDP,0
2026-04-14 13:43:52.182348,192.168.1.51,10.0.0.38,623,49.936462546620234,TCP,0
2026-04-14 13:43:53.182348,192.168.1.153,10.0.0.74,1135,56.788936648689855,UDP,0
2026-04-14 13:43:54.182348,192.168.1.30,10.0.0.95,543,57.116985991860425,UDP,0
2026-04-14 13:43:55.182348,192.168.1.29,10.0.0.240,187,40.733544263901095,UDP,1
2026-04-14 13:43:56.182348,192.168.1.146,10.0.0.61,1453,44.71165957484897,UDP,0
2026-04-14 13:43:57.182348,192.168.1.71,10.0.0.142,141,53.38914539835028,TCP,0
2026-04-14 13:43:58.182348,192.168.1.151,10.0.0.242,1496,45.338024107934665,UDP,0
2026-04-14 13:43:59.182348,192.168.1.239,10.0.0.69,514,36.18801566597316,UDP,0
2026-04-14 13:44:00.182348,192.168.1.249,10.0.0.231,356,67.05568717425355,UDP,0
2026-04-14 13:44:01.182348,192.168.1.86,10.0.0.106,836,39.93180751860152,UDP,0
2026-04-14 13:44:02.182348,192.168.1.26,10.0.0.142,1413,58.35532011937226,UDP,0
2026-04-14 13:44:03.182348,192.168.1.143,10.0.0.93,829,55.22849844653233,UDP,0
2026-04-14 13:44:04.182348,192.168.1.87,10.0.0.38,937,218.0,UDP,0
2026-04-14 13:44:05.182348,192.168.1.183,10.0.0.45,1376,67.97256074991381,TCP,0
2026-04-14 13:44:06.182348,192.168.1.186,10.0.0.146,1074,51.71909734678551,UDP,0
2026-04-14 13:44:07.182348,192.168.1.236,10.0.0.154,287,47.729864802125434,TCP,0
2026-04-14 13:44:08.182348,192.168.1.203,10.0.0.90,1204,51.85846649079039,UDP,0
2026-04-14 13:44:09.182348,192.168.1.165,10.0.0.20,80,46.37392788176152,TCP,0
2026-04-14 13:44:10.182348,192.168.1.194,10.0.0.176,747,27.930898991722238,UDP,0
2026-04-14 13:44:11.182348,192.168.1.216,10.0.0.130,1058,58.92342565687511,TCP,0
2026-04-14 13:44:12.182348,192.168.1.103,10.0.0.89,698,222.0,UDP,0
2026-04-14 13:44:13.182348,192.168.1.180,10.0.0.111,782,46.15345786295963,TCP,0
2026-04-14 13:44:14.182348,192.168.1.163,10.0.0.51,559,44.74305633546875,TCP,0
2026-04-14 13:44:15.182348,192.168.1.66,10.0.0.236,208,39.495047388301046,UDP,0
2026-04-14 13:44:16.182348,192.168.1.5,10.0.0.145,754,33.578958869603085,UDP,0
2026-04-14 13:44:17.182348,192.168.1.134,10.0.0.121,491,41.16781674824464,TCP,0
2026-04-14 13:44:18.182348,192.168.1.166,10.0.0.234,1315,55.85914869232163,UDP,0
2026-04-14 13:44:19.182348,192.168.1.187,10.0.0.240,366,55.60315948109682,TCP,1
2026-04-14 13:44:20.182348,192.168.1.238,10.0.0.130,484,42.46330728870123,UDP,0
2026-04-14 13:44:21.182348,192.168.1.217,10.0.0.219,112,52.0229659204547,UDP,0
2026-04-14 13:44:22.182348,192.168.1.90,10.0.0.224,435,201.0,TCP,0
2026-04-14 13:44:23.182348,192.168.1.217,10.0.0.127,732,63.16747281745867,TCP,0
2026-04-14 13:44:24.182348,192.168.1.175,10.0.0.23,277,54.44265689435403,TCP,0
2026-04-14 13:44:25.182348,192.168.1.27,10.0.0.167,881,54.8958068548165,UDP,0
2026-04-14 13:44:26.182348,192.168.1.164,10.0.0.175,1126,47.11677799473319,TCP,0
2026-04-14 13:44:27.182348,192.168.1.11,10.0.0.103,304,47.41611253524274,TCP,0
2026-04-14 13:44:28.182348,192.168.1.93,10.0.0.27,1020,45.90227574607589,TCP,0
2026-04-14 13:44:29.182348,192.168.1.165,10.0.0.137,750,66.33730796999103,TCP,0
2026-04-14 13:44:30.182348,192.168.1.115,10.0.0.133,397,64.33957006354976,TCP,0
2026-04-14 13:44:31.182348,192.168.1.52,10.0.0.154,497,39.23500027267109,TCP,0
2026-04-14 13:44:32.182348,192.168.1.104,10.0.0.171,1334,188.0,TCP,0
2026-04-14 13:44:33.182348,192.168.1.73,10.0.0.18,247,51.92251155084425,UDP,0
2026-04-14 13:44:34.182348,192.168.1.165,10.0.0.112,931,67.50564644450485,TCP,0
2026-04-14 13:44:35.182348,192.168.1.60,10.0.0.72,1442,56.02556692060385,UDP,0
2026-04-14 13:44:36.182348,192.168.1.135,10.0.0.208,617,56.03773937825224,TCP,0
2026-04-14 13:44:37.182348,192.168.1.102,10.0.0.19,619,59.90283806484358,UDP,0
2026-04-14 13:44:38.182348,192.168.1.36,10.0.0.120,265,57.94655939413375,UDP,0
2026-04-14 13:44:39.182348,192.168.1.141,10.0.0.149,351,41.49509192168591,UDP,0
2026-04-14 13:44:40.182348,192.168.1.107,10.0.0.191,188,58.067878481372816,TCP,0
2026-04-14 13:44:41.182348,192.168.1.41,10.0.0.93,560,53.516374799624394,UDP,0
2026-04-14 13:44:42.182348,192.168.1.113,10.0.0.193,433,56.08652963780659,UDP,0
2026-04-14 13:44:43.182348,192.168.1.205,10.0.0.241,851,69.4035534057225,UDP,0
2026-04-14 13:44:44.182348,192.168.1.104,10.0.0.116,354,61.36432512350197,UDP,0
2026-04-14 13:44:45.182348,192.168.1.208,10.0.0.177,1419,42.882780366383884,TCP,0
2026-04-14 13:44:46.182348,192.168.1.77,10.0.0.143,476,55.571960722299536,TCP,0
2026-04-14 13:44:47.182348,192.168.1.34,10.0.0.5,933,52.748724042481236,UDP,0
2026-04-14 13:44:48.182348,192.168.1.2,10.0.0.237,1310,31.38062268077953,UDP,0
2026-04-14 13:44:49.182348,192.168.1.125,10.0.0.186,900,41.523334483602014,TCP,0
2026-04-14 13:44:50.182348,192.168.1.102,10.0.0.59,340,48.18006723291143,TCP,0
2026-04-14 13:44:51.182348,192.168.1.61,10.0.0.161,477,63.86738776697662,UDP,0
2026-04-14 13:44:52.182348,192.168.1.32,10.0.0.59,426,52.41950610289599,UDP,0
2026-04-14 13:44:53.182348,192.168.1.205,10.0.0.136,1288,63.823469859091304,UDP,0
2026-04-14 13:44:54.182348,192.168.1.79,10.0.0.235,1289,64.6663354280698,TCP,0
2026-04-14 13:44:55.182348,192.168.1.158,10.0.0.130,964,61.75569291655941,TCP,0
2026-04-14 13:44:56.182348,192.168.1.44,10.0.0.103,736,43.4234569519707,UDP,0
2026-04-14 13:44:57.182348,192.168.1.32,10.0.0.43,1487,53.54590723300754,UDP,0
2026-04-14 13:44:58.182348,192.168.1.131,10.0.0.51,899,50.234491067285575,TCP,0
2026-04-14 13:44:59.182348,192.168.1.204,10.0.0.184,883,46.43049566110147,UDP,0
2026-04-14 13:45:00.182348,192.168.1.121,10.0.0.97,1446,67.26527881329022,TCP,0
2026-04-14 13:45:01.182348,192.168.1.160,10.0.0.195,850,41.72156706059325,TCP,0
2026-04-14 13:45:02.182348,192.168.1.234,10.0.0.53,1411,55.08502941631246,UDP,0
2026-04-14 13:45:03.182348,192.168.1.189,10.0.0.59,411,33.65215325818687,TCP,0
2026-04-14 13:45:04.182348,192.168.1.13,10.0.0.164,345,255.0,UDP,1
2026-04-14 13:45:05.182348,192.168.1.194,10.0.0.20,776,49.70041741814411,TCP,0
2026-04-14 13:45:06.182348,192.168.1.202,10.0.0.196,1293,58.216281082477586,TCP,0
2026-04-14 13:45:07.182348,192.168.1.12,10.0.0.118,1036,60.26045781413918,UDP,0
2026-04-14 13:45:08.182348,192.168.1.205,10.0.0.164,1356,44.04307413752515,TCP,1
2026-04-14 13:45:09.182348,192.168.1.215,10.0.0.129,1183,50.26526873777453,TCP,0
2026-04-14 13:45:10.182348,192.168.1.145,10.0.0.86,1127,51.762062101524904,TCP,0
2026-04-14 13:45:11.182348,192.168.1.56,10.0.0.138,1236,50.81045355526627,UDP,0
2026-04-14 13:45:12.182348,192.168.1.177,10.0.0.56,360,49.21233371260614,TCP,0
2026-04-14 13:45:13.182348,192.168.1.92,10.0.0.237,601,46.21417477450704,UDP,0
2026-04-14 13:45:14.182348,192.168.1.164,10.0.0.145,425,50.98305210515865,UDP,0
2026-04-14 13:45:15.182348,192.168.1.2,10.0.0.180,1145,47.097402219069885,TCP,0
2026-04-14 13:45:16.182348,192.168.1.168,10.0.0.234,1208,64.12593185916903,UDP,0
2026-04-14 13:45:17.182348,192.168.1.83,10.0.0.60,236,53.59012815366963,UDP,0
2026-04-14 13:45:18.182348,192.168.1.206,10.0.0.143,1225,68.30958169811124,UDP,0
2026-04-14 13:45:19.182348,192.168.1.205,10.0.0.31,260,48.51990111286692,UDP,0
2026-04-14 13:45:20.182348,192.168.1.216,10.0.0.22,1290,59.41846531626209,TCP,0
2026-04-14 13:45:21.182348,192.168.1.153,10.0.0.214,1324,50.094119184876604,UDP,0
2026-04-14 13:45:22.182348,192.168.1.250,10.0.0.133,739,36.30608838684352,TCP,0
2026-04-14 13:45:23.182348,192.168.1.37,10.0.0.176,279,40.86637982570079,TCP,0
2026-04-14 13:45:24.182348,192.168.1.208,10.0.0.172,1156,44.952994271314864,UDP,0
2026-04-14 13:45:25.182348,192.168.1.232,10.0.0.235,536,57.94085328764142,UDP,0
2026-04-14 13:45:26.182348,192.168.1.212,10.0.0.210,1344,51.504792697303664,TCP,0
2026-04-14 13:45:27.182348,192.168.1.92,10.0.0.176,1026,48.97960580285605,UDP,0
2026-04-14 13:45:28.182348,192.168.1.199,10.0.0.89,372,37.724432306951876,TCP,0
2026-04-14 13:45:29.182348,192.168.1.4,10.0.0.94,897,48.76325036922486,TCP,0
2026-04-14 13:45:30.182348,192.168.1.36,10.0.0.62,1111,48.9962941908434,UDP,0
2026-04-14 13:45:31.182348,192.168.1.163,10.0.0.131,440,55.633935497632976,UDP,0
2026-04-14 13:45:32.182348,192.168.1.120,10.0.0.7,1055,46.39055717347548,UDP,0
2026-04-14 13:45:33.182348,192.168.1.119,10.0.0.221,288,73.5009381943776,TCP,0
2026-04-14 13:45:34.182348,192.168.1.39,10.0.0.83,1166,38.749870214006414,TCP,0
2026-04-14 13:45:35.182348,192.168.1.137,10.0.0.28,1122,62.35359414814799,UDP,0
2026-04-14 13:45:36.182348,192.168.1.131,10.0.0.78,586,40.40827435482441,UDP,0
2026-04-14 13:45:37.182348,192.168.1.120,10.0.0.161,121,51.93013004948107,UDP,0
2026-04-14 13:45:38.182348,192.168.1.18,10.0.0.67,125,51.944887046042176,UDP,0
2026-04-14 13:45:39.182348,192.168.1.125,10.0.0.93,497,47.20593593260544,UDP,0
2026-04-14 13:45:40.182348,192.168.1.77,10.0.0.106,443,47.76534475946672,TCP,0
2026-04-14 13:45:41.182348,192.168.1.33,10.0.0.203,1181,32.6398712359116,TCP,0
2026-04-14 13:45:42.182348,192.168.1.108,10.0.0.2,139,59.476099000617225,TCP,0
2026-04-14 13:45:43.182348,192.168.1.186,10.0.0.248,1355,42.582146829801594,TCP,0
2026-04-14 13:45:44.182348,192.168.1.222,10.0.0.78,217,55.86144275850215,UDP,0
2026-04-14 13:45:45.182348,192.168.1.180,10.0.0.138,719,45.365573460065455,UDP,0
2026-04-14 13:45:46.182348,192.168.1.129,10.0.0.99,497,55.76038624083486,TCP,0
2026-04-14 13:45:47.182348,192.168.1.171,10.0.0.42,759,53.68940406623288,TCP,1
2026-04-14 13:45:48.182348,192.168.1.239,10.0.0.145,69,62.46049792516352,TCP,0
2026-04-14 13:45:49.182348,192.168.1.85,10.0.0.191,1384,53.65129373789901,TCP,0
2026-04-14 13:45:50.182348,192.168.1.124,10.0.0.25,1050,48.05312137498654,TCP,0
2026-04-14 13:45:51.182348,192.168.1.71,10.0.0.72,1062,38.35243244856251,TCP,0
2026-04-14 13:45:52.182348,192.168.1.165,10.0.0.96,284,50.94718695061033,UDP,0
2026-04-14 13:45:53.182348,192.168.1.71,10.0.0.176,1165,47.27802993628823,UDP,0
2026-04-14 13:45:54.182348,192.168.1.163,10.0.0.251,618,66.36753656250163,TCP,0
2026-04-14 13:45:55.182348,192.168.1.246,10.0.0.1,419,47.71246928075096,TCP,0
2026-04-14 13:45:56.182348,192.168.1.75,10.0.0.5,920,51.965682822229915,TCP,0
2026-04-14 13:45:57.182348,192.168.1.57,10.0.0.38,324,46.701393123281754,UDP,0
2026-04-14 13:45:58.182348,192.168.1.106,10.0.0.230,282,38.308891947021884,UDP,0
2026-04-14 13:45:59.182348,192.168.1.8,10.0.0.231,1291,39.37558001910875,TCP,0
2026-04-14 13:46:00.182348,192.168.1.121,10.0.0.66,895,66.12679431552246,TCP,0
2026-04-14 13:46:01.182348,192.168.1.142,10.0.0.16,704,49.978727823465654,TCP,0
2026-04-14 13:46:02.182348,192.168.1.74,10.0.0.180,496,32.98962015230214,TCP,0
2026-04-14 13:46:03.182348,192.168.1.181,10.0.0.69,254,43.62197603934593,UDP,0
2026-04-14 13:46:04.182348,192.168.1.71,10.0.0.41,74,37.94087456745527,UDP,0
2026-04-14 13:46:05.182348,192.168.1.4,10.0.0.93,991,57.34790520219261,UDP,0
2026-04-14 13:46:06.182348,192.168.1.191,10.0.0.131,627,57.62389502760112,UDP,0
2026-04-14 13:46:07.182348,192.168.1.218,10.0.0.106,743,61.473003496339764,UDP,0
2026-04-14 13:46:08.182348,192.168.1.215,10.0.0.250,998,58.63376263096048,UDP,0
2026-04-14 13:46:09.182348,192.168.1.27,10.0.0.115,1356,57.26030398586329,TCP,0
2026-04-14 13:46:10.182348,192.168.1.94,10.0.0.147,1135,48.56571245064066,TCP,0
2026-04-14 13:46:11.182348,192.168.1.141,10.0.0.76,100,56.562166104923875,UDP,0
2026-04-14 13:46:12.182348,192.168.1.172,10.0.0.49,1337,31.155209484892875,UDP,1
2026-04-14 13:46:13.182348,192.168.1.89,10.0.0.47,717,50.76396252753342,TCP,0
2026-04-14 13:46:14.182348,192.168.1.61,10.0.0.42,513,50.19055721381067,UDP,0
2026-04-14 13:46:15.182348,192.168.1.44,10.0.0.205,831,55.66848326692095,UDP,0
2026-04-14 13:46:16.182348,192.168.1.73,10.0.0.190,834,39.941031026248325,UDP,0
2026-04-14 13:46:17.182348,192.168.1.91,10.0.0.177,737,62.69096940693546,UDP,0
2026-04-14 13:46:18.182348,192.168.1.14,10.0.0.110,539,46.62087819652851,UDP,0
2026-04-14 13:46:19.182348,192.168.1.66,10.0.0.240,1332,46.70837881529681,UDP,0
2026-04-14 13:46:20.182348,192.168.1.8,10.0.0.122,1343,47.4382891284105,TCP,0
2026-04-14 13:46:21.182348,192.168.1.134,10.0.0.178,1243,44.921958335735184,UDP,0
2026-04-14 13:46:22.182348,192.168.1.80,10.0.0.151,888,70.638018471442,UDP,0
2026-04-14 13:46:23.182348,192.168.1.169,10.0.0.22,1464,50.89354975184033,UDP,0
2026-04-14 13:46:24.182348,192.168.1.94,10.0.0.13,444,264.0,TCP,0
2026-04-14 13:46:25.182348,192.168.1.91,10.0.0.207,443,43.32894942676218,TCP,0
2026-04-14 13:46:26.182348,192.168.1.160,10.0.0.5,303,59.90518760360428,TCP,0
2026-04-14 13:46:27.182348,192.168.1.254,10.0.0.238,359,32.94737582945791,TCP,0
2026-04-14 13:46:28.182348,192.168.1.65,10.0.0.136,1446,238.0,TCP,0
2026-04-14 13:46:29.182348,192.168.1.55,10.0.0.234,614,48.772907030092085,UDP,0
2026-04-14 13:46:30.182348,192.168.1.96,10.0.0.90,330,39.14251285562564,UDP,0
2026-04-14 13:46:31.182348,192.168.1.48,10.0.0.181,1270,54.56233154891558,TCP,0
2026-04-14 13:46:32.182348,192.168.1.234,10.0.0.144,697,59.34038295322371,UDP,0
2026-04-14 13:46:33.182348,192.168.1.116,10.0.0.232,887,58.77133510542781,TCP,0
2026-04-14 13:46:34.182348,192.168.1.89,10.0.0.241,237,39.40837169748108,TCP,0
2026-04-14 13:46:35.182348,192.168.1.73,10.0.0.76,1259,59.86898836580727,UDP,0
2026-04-14 13:46:36.182348,192.168.1.167,10.0.0.163,139,49.32649589695852,UDP,0
2026-04-14 13:46:37.182348,192.168.1.197,10.0.0.76,875,44.9028229728406,TCP,0
2026-04-14 13:46:38.182348,192.168.1.187,10.0.0.245,1180,56.4962843282094,UDP,0
2026-04-14 13:46:39.182348,192.168.1.71,10.0.0.97,350,281.0,TCP,0
2026-04-14 13:46:40.182348,192.168.1.154,10.0.0.255,950,38.633393697919175,UDP,0
2026-04-14 13:46:41.182348,192.168.1.74,10.0.0.180,1189,43.146160689374284,UDP,0
2026-04-14 13:46:42.182348,192.168.1.6,10.0.0.134,1291,61.17033168415672,TCP,0
2026-04-14 13:46:43.182348,192.168.1.103,10.0.0.92,1066,58.14612028761303,UDP,0
2026-04-14 13:46:44.182348,192.168.1.42,10.0.0.77,547,59.48636984991013,TCP,0
2026-04-14 13:46:45.182348,192.168.1.73,10.0.0.3,336,60.57148165572055,TCP,0
2026-04-14 13:46:46.182348,192.168.1.27,10.0.0.103,200,49.174364835229554,UDP,0
2026-04-14 13:46:47.182348,192.168.1.222,10.0.0.69,1336,36.711102835245384,UDP,0
2026-04-14 13:46:48.182348,192.168.1.78,10.0.0.104,815,54.00102493551114,TCP,0
2026-04-14 13:46:49.182348,192.168.1.164,10.0.0.182,411,29.00974564473215,UDP,0
2026-04-14 13:46:50.182348,192.168.1.217,10.0.0.209,604,43.19537212532558,UDP,0
2026-04-14 13:46:51.182348,192.168.1.142,10.0.0.145,1036,233.0,TCP,0
2026-04-14 13:46:52.182348,192.168.1.89,10.0.0.27,217,52.74338009272723,TCP,0
2026-04-14 13:46:53.182348,192.168.1.66,10.0.0.194,777,63.000558033104696,TCP,0
2026-04-14 13:46:54.182348,192.168.1.191,10.0.0.235,381,54.087998119446645,UDP,0
2026-04-14 13:46:55.182348,192.168.1.183,10.0.0.249,338,59.69133782212539,UDP,0
2026-04-14 13:46:56.182348,192.168.1.69,10.0.0.213,891,48.68771224368088,TCP,0
2026-04-14 13:46:57.182348,192.168.1.143,10.0.0.132,1475,62.03303599179134,UDP,1
2026-04-14 13:46:58.182348,192.168.1.39,10.0.0.235,1197,45.83797230484819,TCP,0
2026-04-14 13:46:59.182348,192.168.1.237,10.0.0.168,597,35.11100371129484,UDP,0
2026-04-14 13:47:00.182348,192.168.1.162,10.0.0.209,950,59.42813689694339,TCP,0
2026-04-14 13:47:01.182348,192.168.1.198,10.0.0.124,256,47.85625933767079,UDP,0
2026-04-14 13:47:02.182348,192.168.1.105,10.0.0.226,785,63.58507730249191,UDP,0
2026-04-14 13:47:03.182348,192.168.1.195,10.0.0.69,1122,69.09958403044497,TCP,0
2026-04-14 13:47:04.182348,192.168.1.176,10.0.0.73,485,45.82732761483025,UDP,0
2026-04-14 13:47:05.182348,192.168.1.209,10.0.0.180,236,52.590989331632954,UDP,0
2026-04-14 13:47:06.182348,192.168.1.53,10.0.0.188,1192,54.768526320910084,UDP,0
2026-04-14 13:47:07.182348,192.168.1.41,10.0.0.11,1095,58.47237585457557,UDP,0
2026-04-14 13:47:08.182348,192.168.1.85,10.0.0.99,398,30.861545113935623,TCP,0
2026-04-14 13:47:09.182348,192.168.1.54,10.0.0.185,1495,61.172515439184835,UDP,0
2026-04-14 13:47:10.182348,192.168.1.169,10.0.0.76,465,55.00900133604441,UDP,0
2026-04-14 13:47:11.182348,192.168.1.55,10.0.0.9,80,31.459252433619714,TCP,0
2026-04-14 13:47:12.182348,192.168.1.74,10.0.0.235,306,23.539431800902662,UDP,0
2026-04-14 13:47:13.182348,192.168.1.179,10.0.0.104,1474,61.45412735098026,TCP,0
2026-04-14 13:47:14.182348,192.168.1.76,10.0.0.97,262,62.17304096692824,TCP,0
2026-04-14 13:47:15.182348,192.168.1.130,10.0.0.182,668,67.16594055961521,TCP,0
2026-04-14 13:47:16.182348,192.168.1.232,10.0.0.54,1441,39.2141799447332,TCP,1
2026-04-14 13:47:17.182348,192.168.1.221,10.0.0.113,501,50.2868589842669,TCP,0
2026-04-14 13:47:18.182348,192.168.1.2,10.0.0.103,869,51.552087815735845,UDP,0
2026-04-14 13:47:19.182348,192.168.1.204,10.0.0.192,730,61.38511198259197,TCP,0
2026-04-14 13:47:20.182348,192.168.1.20,10.0.0.251,968,62.13440332875926,UDP,0
2026-04-14 13:47:21.182348,192.168.1.21,10.0.0.188,123,61.514769767333966,TCP,0
2026-04-14 13:47:22.182348,192.168.1.2,10.0.0.35,141,37.23340138910483,UDP,0
2026-04-14 13:47:23.182348,192.168.1.129,10.0.0.155,872,54.72740952052797,UDP,0
2026-04-14 13:47:24.182348,192.168.1.224,10.0.0.250,522,39.46493351943043,UDP,0
2026-04-14 13:47:25.182348,192.168.1.232,10.0.0.147,333,192.0,TCP,0
2026-04-14 13:47:26.182348,192.168.1.159,10.0.0.244,527,41.53948723708422,TCP,0
2026-04-14 13:47:27.182348,192.168.1.34,10.0.0.68,394,54.81383268936972,UDP,0
2026-04-14 13:47:28.182348,192.168.1.93,10.0.0.81,1431,54.50772549207527,TCP,0
2026-04-14 13:47:29.182348,192.168.1.76,10.0.0.21,122,56.10913185281827,UDP,0
2026-04-14 13:47:30.182348,192.168.1.141,10.0.0.38,710,50.68241984498659,UDP,0
2026-04-14 13:47:31.182348,192.168.1.88,10.0.0.66,982,53.22803132675959,TCP,0
2026-04-14 13:47:32.182348,192.168.1.196,10.0.0.107,1479,64.41559697637618,UDP,0
2026-04-14 13:47:33.182348,192.168.1.225,10.0.0.163,728,23.156680499653923,UDP,0
2026-04-14 13:47:34.182348,192.168.1.227,10.0.0.1,1003,63.15285412937163,TCP,0
2026-04-14 13:47:35.182348,192.168.1.136,10.0.0.34,1061,41.30161366331747,UDP,0
2026-04-14 13:47:36.182348,192.168.1.44,10.0.0.86,432,48.55484343041259,UDP,0
2026-04-14 13:47:37.182348,192.168.1.114,10.0.0.249,70,51.36530378855625,TCP,0
2026-04-14 13:47:38.182348,192.168.1.90,10.0.0.2,1153,60.069406809734616,UDP,0
2026-04-14 13:47:39.182348,192.168.1.130,10.0.0.233,244,22.78422940978084,UDP,0
2026-04-14 13:47:40.182348,192.168.1.154,10.0.0.31,470,233.0,UDP,0
2026-04-14 13:47:41.182348,192.168.1.221,10.0.0.88,1312,60.46414811198116,TCP,0
2026-04-14 13:47:42.182348,192.168.1.104,10.0.0.68,449,40.52974099689594,UDP,0
2026-04-14 13:47:43.182348,192.168.1.7,10.0.0.195,738,45.50462834831228,UDP,0
2026-04-14 13:47:44.182348,192.168.1.33,10.0.0.112,401,49.85997250219631,UDP,0
2026-04-14 13:47:45.182348,192.168.1.83,10.0.0.16,944,54.75727545450477,UDP,0
2026-04-14 13:47:46.182348,192.168.1.142,10.0.0.127,317,64.4481040388356,UDP,0
2026-04-14 13:47:47.182348,192.168.1.61,10.0.0.198,220,66.51582428342886,TCP,0
2026-04-14 13:47:48.182348,192.168.1.59,10.0.0.56,1360,56.06930838434301,UDP,0
2026-04-14 13:47:49.182348,192.168.1.200,10.0.0.62,929,45.03505426768565,UDP,0
2026-04-14 13:47:50.182348,192.168.1.223,10.0.0.198,1398,57.089230933067796,UDP,0
2026-04-14 13:47:51.182348,192.168.1.121,10.0.0.14,206,164.0,TCP,0
2026-04-14 13:47:52.182348,192.168.1.247,10.0.0.142,468,70.5229539660815,TCP,0
2026-04-14 13:47:53.182348,192.168.1.198,10.0.0.11,219,40.45721403412939,TCP,0
2026-04-14 13:47:54.182348,192.168.1.151,10.0.0.35,479,48.464614728125184,TCP,0
2026-04-14 13:47:55.182348,192.168.1.184,10.0.0.82,884,64.69015428392224,UDP,0
2026-04-14 13:47:56.182348,192.168.1.58,10.0.0.17,572,52.04399020904468,UDP,0
2026-04-14 13:47:57.182348,192.168.1.216,10.0.0.4,1494,42.15191603410853,TCP,0
2026-04-14 13:47:58.182348,192.168.1.238,10.0.0.160,642,44.82238413336584,TCP,0
2026-04-14 13:47:59.182348,192.168.1.29,10.0.0.146,1202,47.54821824896751,TCP,0
2026-04-14 13:48:00.182348,192.168.1.157,10.0.0.159,918,68.68802571140279,UDP,0
2026-04-14 13:48:01.182348,192.168.1.204,10.0.0.170,1245,69.37007160857097,TCP,0
2026-04-14 13:48:02.182348,192.168.1.189,10.0.0.8,1158,249.0,UDP,0
2026-04-14 13:48:03.182348,192.168.1.226,10.0.0.163,1120,74.72900620792657,TCP,0
2026-04-14 13:48:04.182348,192.168.1.112,10.0.0.184,185,40.36407654932549,TCP,0
2026-04-14 13:48:05.182348,192.168.1.183,10.0.0.46,1476,46.59382531776845,UDP,0
2026-04-14 13:48:06.182348,192.168.1.116,10.0.0.157,527,59.45676504609059,UDP,0
2026-04-14 13:48:07.182348,192.168.1.66,10.0.0.229,924,53.45792133500988,UDP,0
2026-04-14 13:48:08.182348,192.168.1.102,10.0.0.23,798,35.006860358757294,UDP,0
2026-04-14 13:48:09.182348,192.168.1.209,10.0.0.176,854,31.442780557485218,TCP,0
2026-04-14 13:48:10.182348,192.168.1.42,10.0.0.163,394,29.040179580073957,UDP,0
2026-04-14 13:48:11.182348,192.168.1.99,10.0.0.102,569,59.68406666924881,UDP,0
2026-04-14 13:48:12.182348,192.168.1.76,10.0.0.56,598,44.59460425364142,UDP,0
2026-04-14 13:48:13.182348,192.168.1.222,10.0.0.18,118,60.7134856101998,TCP,0
2026-04-14 13:48:14.182348,192.168.1.218,10.0.0.113,86,38.71765879327836,UDP,0
2026-04-14 13:48:15.182348,192.168.1.127,10.0.0.195,936,60.126429890631144,TCP,0
2026-04-14 13:48:16.182348,192.168.1.167,10.0.0.40,290,40.26375788141716,TCP,0
2026-04-14 13:48:17.182348,192.168.1.39,10.0.0.111,629,67.64674218993262,UDP,0
2026-04-14 13:48:18.182348,192.168.1.100,10.0.0.19,468,66.3186606891092,UDP,0
2026-04-14 13:48:19.182348,192.168.1.218,10.0.0.196,734,46.75524610297878,UDP,0
2026-04-14 13:48:20.182348,192.168.1.46,10.0.0.78,606,65.10013667383662,TCP,0
2026-04-14 13:48:21.182348,192.168.1.67,10.0.0.57,1080,53.71964936068631,TCP,0
2026-04-14 13:48:22.182348,192.168.1.158,10.0.0.227,1393,63.269619698899305,UDP,0
2026-04-14 13:48:23.182348,192.168.1.213,10.0.0.116,1200,56.10966466697324,UDP,0
2026-04-14 13:48:24.182348,192.168.1.233,10.0.0.180,517,46.97783676525668,TCP,0
2026-04-14 13:48:25.182348,192.168.1.189,10.0.0.76,1160,67.46257177251077,UDP,0
2026-04-14 13:48:26.182348,192.168.1.170,10.0.0.204,594,33.26244958565816,TCP,0
2026-04-14 13:48:27.182348,192.168.1.109,10.0.0.8,520,44.26201883214466,TCP,0
2026-04-14 13:48:28.182348,192.168.1.185,10.0.0.156,179,62.47018500518383,UDP,0
2026-04-14 13:48:29.182348,192.168.1.165,10.0.0.90,260,52.61656712182292,TCP,0
2026-04-14 13:48:30.182348,192.168.1.167,10.0.0.14,1155,54.021059939856784,UDP,0
2026-04-14 13:48:31.182348,192.168.1.95,10.0.0.56,353,66.63678422836199,TCP,0
2026-04-14 13:48:32.182348,192.168.1.97,10.0.0.244,635,64.60856189743124,UDP,0
2026-04-14 13:48:33.182348,192.168.1.140,10.0.0.221,120,48.5389152592467,TCP,0
2026-04-14 13:48:34.182348,192.168.1.173,10.0.0.12,980,40.762804933692806,UDP,0
2026-04-14 13:48:35.182348,192.168.1.252,10.0.0.222,366,55.02186849021774,TCP,0
2026-04-14 13:48:36.182348,192.168.1.144,10.0.0.26,1326,60.34615389725085,UDP,0
2026-04-14 13:48:37.182348,192.168.1.253,10.0.0.163,325,42.26049262178441,TCP,0
2026-04-14 13:48:38.182348,192.168.1.199,10.0.0.39,1266,46.43562955143358,UDP,0
2026-04-14 13:48:39.182348,192.168.1.84,10.0.0.126,1110,52.71738203931126,UDP,0
2026-04-14 13:48:40.182348,192.168.1.56,10.0.0.237,1138,38.27902808821995,UDP,0
2026-04-14 13:48:41.182348,192.168.1.141,10.0.0.50,1442,48.485008309137704,UDP,0
2026-04-14 13:48:42.182348,192.168.1.244,10.0.0.205,1352,51.258309662894774,UDP,0
2026-04-14 13:48:43.182348,192.168.1.240,10.0.0.223,1417,58.26950472585141,TCP,0
2026-04-14 13:48:44.182348,192.168.1.228,10.0.0.146,1275,55.61883214747203,UDP,0
2026-04-14 13:48:45.182348,192.168.1.53,10.0.0.46,1310,59.62817680105388,UDP,0
2026-04-14 13:48:46.182348,192.168.1.62,10.0.0.216,133,195.0,UDP,0
2026-04-14 13:48:47.182348,192.168.1.159,10.0.0.151,1490,46.34462407483884,TCP,0
2026-04-14 13:48:48.182348,192.168.1.190,10.0.0.136,128,54.582205414924545,TCP,0
2026-04-14 13:48:49.182348,192.168.1.246,10.0.0.137,1208,49.40131800193648,UDP,0
2026-04-14 13:48:50.182348,192.168.1.121,10.0.0.32,396,53.018681352686485,TCP,0
2026-04-14 13:48:51.182348,192.168.1.179,10.0.0.129,511,55.36603059586372,UDP,0
2026-04-14 13:48:52.182348,192.168.1.109,10.0.0.165,1481,59.611396645761914,UDP,0
2026-04-14 13:48:53.182348,192.168.1.100,10.0.0.188,1030,57.49429366411606,UDP,0
2026-04-14 13:48:54.182348,192.168.1.196,10.0.0.68,1022,45.865815940394526,TCP,0
2026-04-14 13:48:55.182348,192.168.1.216,10.0.0.9,343,84.64695818817822,UDP,0
2026-04-14 13:48:56.182348,192.168.1.181,10.0.0.15,803,57.49106630822603,UDP,0
2026-04-14 13:48:57.182348,192.168.1.4,10.0.0.185,857,61.350784863421254,UDP,0
2026-04-14 13:48:58.182348,192.168.1.37,10.0.0.135,494,38.59455742922633,UDP,0
2026-04-14 13:48:59.182348,192.168.1.200,10.0.0.73,324,44.233075354495035,TCP,0
2026-04-14 13:49:00.182348,192.168.1.20,10.0.0.93,433,39.21043563144076,TCP,0
2026-04-14 13:49:01.182348,192.168.1.47,10.0.0.126,1215,48.029742975084766,TCP,0
2026-04-14 13:49:02.182348,192.168.1.7,10.0.0.213,353,48.092631462818666,UDP,0
2026-04-14 13:49:03.182348,192.168.1.21,10.0.0.41,287,43.59410674414254,UDP,0
2026-04-14 13:49:04.182348,192.168.1.161,10.0.0.164,1268,61.3894373125928,UDP,0
2026-04-14 13:49:05.182348,192.168.1.150,10.0.0.237,953,50.7356581562889,TCP,0
2026-04-14 13:49:06.182348,192.168.1.67,10.0.0.205,719,55.69809502843051,UDP,0
2026-04-14 13:49:07.182348,192.168.1.82,10.0.0.87,406,46.04895536347195,TCP,0
2026-04-14 13:49:08.182348,192.168.1.245,10.0.0.116,1116,46.988943417637856,UDP,0
2026-04-14 13:49:09.182348,192.168.1.49,10.0.0.225,1477,52.130123331591136,TCP,0
2026-04-14 13:49:10.182348,192.168.1.115,10.0.0.143,311,41.22313433301867,UDP,0
2026-04-14 13:49:11.182348,192.168.1.169,10.0.0.15,569,59.78646767866563,UDP,0
2026-04-14 13:49:12.182348,192.168.1.46,10.0.0.143,1045,58.279906089947524,UDP,0
2026-04-14 13:49:13.182348,192.168.1.231,10.0.0.29,1477,50.01224156657924,UDP,0
2026-04-14 13:49:14.182348,192.168.1.236,10.0.0.175,1393,56.95241142526212,TCP,0
2026-04-14 13:49:15.182348,192.168.1.178,10.0.0.24,271,55.49737657560084,UDP,0
2026-04-14 13:49:16.182348,192.168.1.51,10.0.0.225,323,39.943413571438384,UDP,0
2026-04-14 13:49:17.182348,192.168.1.56,10.0.0.69,245,50.705842467886335,UDP,0
2026-04-14 13:49:18.182348,192.168.1.27,10.0.0.224,462,61.260616800647455,TCP,0
2026-04-14 13:49:19.182348,192.168.1.84,10.0.0.74,1364,33.40444914132344,UDP,0
2026-04-14 13:49:20.182348,192.168.1.38,10.0.0.86,1310,46.712456303659216,UDP,0
2026-04-14 13:49:21.182348,192.168.1.48,10.0.0.150,721,45.65521863396301,UDP,0
2026-04-14 13:49:22.182348,192.168.1.23,10.0.0.65,643,29.98252523478632,UDP,0
2026-04-14 13:49:23.182348,192.168.1.234,10.0.0.182,814,55.14073019066636,TCP,0
2026-04-14 13:49:24.182348,192.168.1.183,10.0.0.35,1212,52.87842859249238,UDP,0
2026-04-14 13:49:25.182348,192.168.1.93,10.0.0.127,1156,43.87968433756462,TCP,0
2026-04-14 13:49:26.182348,192.168.1.10,10.0.0.81,1143,50.16237398358434,TCP,0
2026-04-14 13:49:27.182348,192.168.1.91,10.0.0.132,1283,44.04045240243488,UDP,0
2026-04-14 13:49:28.182348,192.168.1.157,10.0.0.218,683,52.805681043741004,TCP,0
2026-04-14 13:49:29.182348,192.168.1.176,10.0.0.225,906,42.43712658067606,UDP,0
2026-04-14 13:49:30.182348,192.168.1.30,10.0.0.179,328,66.62323235407737,TCP,0
2026-04-14 13:49:31.182348,192.168.1.210,10.0.0.10,509,51.323228422447244,UDP,0
2026-04-14 13:49:32.182348,192.168.1.200,10.0.0.145,1019,44.181064215312134,UDP,1
2026-04-14 13:49:33.182348,192.168.1.233,10.0.0.53,111,56.44879419582863,TCP,0
2026-04-14 13:49:34.182348,192.168.1.219,10.0.0.9,1206,239.0,TCP,0
2026-04-14 13:49:35.182348,192.168.1.120,10.0.0.124,140,53.2693227405287,UDP,0
2026-04-14 13:49:36.182348,192.168.1.171,10.0.0.151,137,54.82575125896091,UDP,0
2026-04-14 13:49:37.182348,192.168.1.70,10.0.0.192,657,45.79209873649327,UDP,0
2026-04-14 13:49:38.182348,192.168.1.33,10.0.0.218,1012,46.907356880818824,UDP,0
2026-04-14 13:49:39.182348,192.168.1.90,10.0.0.135,483,42.5841590872966,UDP,0
2026-04-14 13:49:40.182348,192.168.1.73,10.0.0.103,1230,37.203563622222354,TCP,0
2026-04-14 13:49:41.182348,192.168.1.253,10.0.0.218,1500,49.48288752744599,TCP,0
2026-04-14 13:49:42.182348,192.168.1.212,10.0.0.42,322,53.75887880777533,TCP,0
2026-04-14 13:49:43.182348,192.168.1.135,10.0.0.210,979,42.93646942544751,UDP,0
2026-04-14 13:49:44.182348,192.168.1.174,10.0.0.31,434,44.58811741968849,TCP,0
2026-04-14 13:49:45.182348,192.168.1.28,10.0.0.135,830,43.160667717510485,UDP,0
2026-04-14 13:49:46.182348,192.168.1.171,10.0.0.30,1172,39.001079426582734,TCP,0
2026-04-14 13:49:47.182348,192.168.1.20,10.0.0.54,509,60.052365207183904,TCP,0
2026-04-14 13:49:48.182348,192.168.1.149,10.0.0.205,756,279.0,UDP,0
2026-04-14 13:49:49.182348,192.168.1.254,10.0.0.244,864,39.19999546579052,TCP,0
2026-04-14 13:49:50.182348,192.168.1.226,10.0.0.38,187,50.63400477190406,TCP,0
2026-04-14 13:49:51.182348,192.168.1.241,10.0.0.25,688,52.068287401346176,UDP,0
2026-04-14 13:49:52.182348,192.168.1.195,10.0.0.29,560,58.64010330957118,UDP,0
2026-04-14 13:49:53.182348,192.168.1.169,10.0.0.162,1223,47.213765074128005,UDP,0
2026-04-14 13:49:54.182348,192.168.1.102,10.0.0.228,213,29.578513621046397,UDP,0
2026-04-14 13:49:55.182348,192.168.1.136,10.0.0.31,979,51.89491972895562,TCP,0
2026-04-14 13:49:56.182348,192.168.1.81,10.0.0.6,234,65.24850380588681,UDP,0
2026-04-14 13:49:57.182348,192.168.1.184,10.0.0.15,289,45.085863648959204,UDP,0
2026-04-14 13:49:58.182348,192.168.1.160,10.0.0.207,184,44.61523898685782,UDP,0
2026-04-14 13:49:59.182348,192.168.1.59,10.0.0.7,333,52.762417121277046,TCP,0
2026-04-14 13:50:00.182348,192.168.1.212,10.0.0.72,121,55.11237865486782,TCP,0
2026-04-14 13:50:01.182348,192.168.1.183,10.0.0.91,1306,61.67122587012605,UDP,0
2026-04-14 13:50:02.182348,192.168.1.162,10.0.0.237,795,41.798089713256154,UDP,0
2026-04-14 13:50:03.182348,192.168.1.78,10.0.0.87,1031,47.750033725876904,TCP,0
2026-04-14 13:50:04.182348,192.168.1.148,10.0.0.186,458,55.43515910647682,TCP,0
2026-04-14 13:50:05.182348,192.168.1.27,10.0.0.245,1427,65.0428494721855,TCP,0
2026-04-14 13:50:06.182348,192.168.1.165,10.0.0.103,433,52.83578929266811,UDP,0
2026-04-14 13:50:07.182348,192.168.1.146,10.0.0.70,349,59.71638323127921,UDP,0
2026-04-14 13:50:08.182348,192.168.1.48,10.0.0.120,249,62.80133066400545,TCP,0
2026-04-14 13:50:09.182348,192.168.1.216,10.0.0.229,1366,204.0,TCP,0
2026-04-14 13:50:10.182348,192.168.1.68,10.0.0.15,1227,44.145640528901076,TCP,0
2026-04-14 13:50:11.182348,192.168.1.240,10.0.0.232,1043,36.22560940264167,UDP,0
2026-04-14 13:50:12.182348,192.168.1.209,10.0.0.129,623,41.80168370808812,UDP,0
2026-04-14 13:50:13.182348,192.168.1.229,10.0.0.101,1207,74.48913941130093,UDP,0
2026-04-14 13:50:14.182348,192.168.1.241,10.0.0.66,1058,40.229661462034905,TCP,0
2026-04-14 13:50:15.182348,192.168.1.112,10.0.0.251,1083,32.96687135241098,TCP,0
2026-04-14 13:50:16.182348,192.168.1.165,10.0.0.24,1283,64.48419565674942,TCP,0
2026-04-14 13:50:17.182348,192.168.1.1,10.0.0.22,1390,50.80683106325375,UDP,0
2026-04-14 13:50:18.182348,192.168.1.74,10.0.0.60,887,45.37760387986226,UDP,0
2026-04-14 13:50:19.182348,192.168.1.161,10.0.0.81,493,38.32485729329588,UDP,0
2026-04-14 13:50:20.182348,192.168.1.102,10.0.0.130,942,44.27390910432027,UDP,0
2026-04-14 13:50:21.182348,192.168.1.25,10.0.0.141,439,46.77004405832455,UDP,0
2026-04-14 13:50:22.182348,192.168.1.75,10.0.0.37,395,243.0,UDP,0
2026-04-14 13:50:23.182348,192.168.1.65,10.0.0.71,1235,47.7287292035579,TCP,0
2026-04-14 13:50:24.182348,192.168.1.41,10.0.0.104,1400,42.73710782850813,TCP,0
2026-04-14 13:50:25.182348,192.168.1.210,10.0.0.13,1300,58.06900422566046,UDP,0
2026-04-14 13:50:26.182348,192.168.1.195,10.0.0.106,362,44.85238625061312,TCP,0
2026-04-14 13:50:27.182348,192.168.1.134,10.0.0.87,217,63.01650630083217,TCP,0
2026-04-14 13:50:28.182348,192.168.1.153,10.0.0.14,457,58.24448434333954,TCP,0
2026-04-14 13:50:29.182348,192.168.1.227,10.0.0.15,398,46.05348983082594,UDP,0
2026-04-14 13:50:30.182348,192.168.1.114,10.0.0.124,665,54.544433182450206,UDP,0
2026-04-14 13:50:31.182348,192.168.1.250,10.0.0.218,276,51.95712563246045,UDP,0
2026-04-14 13:50:32.182348,192.168.1.84,10.0.0.186,1346,48.988369671465094,UDP,0
2026-04-14 13:50:33.182348,192.168.1.239,10.0.0.186,833,47.81248192693217,UDP,0
2026-04-14 13:50:34.182348,192.168.1.109,10.0.0.19,1327,68.58843674349092,UDP,0
2026-04-14 13:50:35.182348,192.168.1.100,10.0.0.11,1020,48.52392856777575,UDP,0
2026-04-14 13:50:36.182348,192.168.1.189,10.0.0.159,911,52.77205664764817,TCP,0
2026-04-14 13:50:37.182348,192.168.1.102,10.0.0.145,458,62.17373633666256,TCP,0
2026-04-14 13:50:38.182348,192.168.1.70,10.0.0.117,740,63.781229802104704,TCP,0
2026-04-14 13:50:39.182348,192.168.1.166,10.0.0.251,959,53.04333187127957,UDP,0
2026-04-14 13:50:40.182348,192.168.1.70,10.0.0.248,1096,45.53261506775155,TCP,0
2026-04-14 13:50:41.182348,192.168.1.161,10.0.0.21,259,42.849323245846975,UDP,0
2026-04-14 13:50:42.182348,192.168.1.126,10.0.0.74,1031,72.10166041983636,TCP,0
2026-04-14 13:50:43.182348,192.168.1.78,10.0.0.162,478,37.78088212534713,UDP,0
2026-04-14 13:50:44.182348,192.168.1.212,10.0.0.137,897,44.39624084000909,UDP,0
2026-04-14 13:50:45.182348,192.168.1.179,10.0.0.91,180,45.91144469684882,TCP,0
2026-04-14 13:50:46.182348,192.168.1.129,10.0.0.12,280,52.01792910738739,TCP,0
2026-04-14 13:50:47.182348,192.168.1.174,10.0.0.213,549,61.211498997956895,TCP,0
2026-04-14 13:50:48.182348,192.168.1.56,10.0.0.165,92,64.0812657093928,UDP,0
2026-04-14 13:50:49.182348,192.168.1.202,10.0.0.51,170,52.870040347865064,UDP,0
2026-04-14 13:50:50.182348,192.168.1.200,10.0.0.89,265,52.20797258844627,TCP,0
2026-04-14 13:50:51.182348,192.168.1.29,10.0.0.245,982,38.1921846983498,UDP,0
2026-04-14 13:50:52.182348,192.168.1.136,10.0.0.54,577,51.71152601233958,UDP,0
2026-04-14 13:50:53.182348,192.168.1.105,10.0.0.236,1275,61.49127468138816,UDP,0
2026-04-14 13:50:54.182348,192.168.1.165,10.0.0.207,1464,42.57071039082324,TCP,0
2026-04-14 13:50:55.182348,192.168.1.196,10.0.0.15,303,47.379599120285896,TCP,0
2026-04-14 13:50:56.182348,192.168.1.16,10.0.0.73,101,44.71611839333398,TCP,0
2026-04-14 13:50:57.182348,192.168.1.247,10.0.0.58,381,39.8203759423871,UDP,0
2026-04-14 13:50:58.182348,192.168.1.105,10.0.0.177,908,49.456250425502525,TCP,0
2026-04-14 13:50:59.182348,192.168.1.172,10.0.0.192,601,46.94241424920733,TCP,0
2026-04-14 13:51:00.182348,192.168.1.222,10.0.0.158,432,55.15472477320434,UDP,0
2026-04-14 13:51:01.182348,192.168.1.119,10.0.0.189,1223,218.0,TCP,0
2026-04-14 13:51:02.182348,192.168.1.1,10.0.0.162,1368,54.22005093711202,TCP,0
2026-04-14 13:51:03.182348,192.168.1.148,10.0.0.175,1067,54.79641533421411,TCP,0
2026-04-14 13:51:04.182348,192.168.1.17,10.0.0.10,1410,44.92560416559156,UDP,0
2026-04-14 13:51:05.182348,192.168.1.136,10.0.0.112,350,49.072352424982576,UDP,0
2026-04-14 13:51:06.182348,192.168.1.243,10.0.0.181,1445,51.524863030512726,TCP,0
2026-04-14 13:51:07.182348,192.168.1.88,10.0.0.187,336,57.83337639155219,TCP,0
2026-04-14 13:51:08.182348,192.168.1.9,10.0.0.39,1109,66.18415202432598,UDP,0
2026-04-14 13:51:09.182348,192.168.1.241,10.0.0.157,351,34.06057534020485,TCP,0
2026-04-14 13:51:10.182348,192.168.1.119,10.0.0.182,1163,55.01124475488426,TCP,0
2026-04-14 13:51:11.182348,192.168.1.104,10.0.0.30,660,49.191623412864494,UDP,0
2026-04-14 13:51:12.182348,192.168.1.59,10.0.0.8,922,40.50469846274984,TCP,0
2026-04-14 13:51:13.182348,192.168.1.225,10.0.0.88,150,48.560526768108645,UDP,0
2026-04-14 13:51:14.182348,192.168.1.206,10.0.0.227,1037,63.910625442883884,TCP,0
2026-04-14 13:51:15.182348,192.168.1.185,10.0.0.230,276,59.28657024966033,TCP,0
2026-04-14 13:51:16.182348,192.168.1.166,10.0.0.220,727,65.69211477440348,UDP,0
2026-04-14 13:51:17.182348,192.168.1.231,10.0.0.76,839,56.06790781091889,UDP,0
2026-04-14 13:51:18.182348,192.168.1.50,10.0.0.168,550,57.63466585584371,UDP,0
2026-04-14 13:51:19.182348,192.168.1.90,10.0.0.53,719,49.64577864003377,UDP,0
2026-04-14 13:51:20.182348,192.168.1.55,10.0.0.116,1359,56.397027410231864,TCP,0
2026-04-14 13:51:21.182348,192.168.1.93,10.0.0.184,1075,33.80257622084166,UDP,0
2026-04-14 13:51:22.182348,192.168.1.102,10.0.0.45,187,42.391113608668384,TCP,0
2026-04-14 13:51:23.182348,192.168.1.110,10.0.0.232,354,36.84179468718155,UDP,0
2026-04-14 13:51:24.182348,192.168.1.200,10.0.0.61,1456,48.742198125926585,UDP,0
2026-04-14 13:51:25.182348,192.168.1.7,10.0.0.219,219,54.51603594612306,UDP,0
2026-04-14 13:51:26.182348,192.168.1.155,10.0.0.19,854,55.39827332248962,TCP,0
2026-04-14 13:51:27.182348,192.168.1.193,10.0.0.222,1237,55.31042341489065,TCP,0
2026-04-14 13:51:28.182348,192.168.1.27,10.0.0.182,685,36.37160261523063,TCP,0
2026-04-14 13:51:29.182348,192.168.1.224,10.0.0.49,874,60.081992945271146,TCP,0
2026-04-14 13:51:30.182348,192.168.1.171,10.0.0.93,526,56.339851518187245,TCP,0
2026-04-14 13:51:31.182348,192.168.1.206,10.0.0.52,279,40.335523594364105,UDP,0
2026-04-14 13:51:32.182348,192.168.1.22,10.0.0.153,405,52.67077557773699,UDP,0
2026-04-14 13:51:33.182348,192.168.1.217,10.0.0.172,817,47.57475387513773,TCP,0
2026-04-14 13:51:34.182348,192.168.1.246,10.0.0.253,1022,47.0152298951962,TCP,0
2026-04-14 13:51:35.182348,192.168.1.231,10.0.0.54,857,43.98373947558661,TCP,0
2026-04-14 13:51:36.182348,192.168.1.235,10.0.0.133,160,42.3866719469136,TCP,0
2026-04-14 13:51:37.182348,192.168.1.242,10.0.0.207,1300,44.92414756316868,TCP,0
2026-04-14 13:51:38.182348,192.168.1.23,10.0.0.39,564,60.96075254333879,UDP,0
2026-04-14 13:51:39.182348,192.168.1.88,10.0.0.12,570,48.94035077564922,TCP,0
2026-04-14 13:51:40.182348,192.168.1.144,10.0.0.134,1457,48.111775519554875,UDP,0
2026-04-14 13:51:41.182348,192.168.1.168,10.0.0.130,821,52.658607429189544,UDP,0
2026-04-14 13:51:42.182348,192.168.1.180,10.0.0.17,1357,43.985298803704,UDP,0
2026-04-14 13:51:43.182348,192.168.1.131,10.0.0.85,1258,45.57318152364495,UDP,0
2026-04-14 13:51:44.182348,192.168.1.145,10.0.0.170,1402,51.104775617822625,TCP,0
2026-04-14 13:51:45.182348,192.168.1.32,10.0.0.15,818,52.97013517828596,UDP,0
2026-04-14 13:51:46.182348,192.168.1.32,10.0.0.29,801,53.14221762415944,UDP,0
2026-04-14 13:51:47.182348,192.168.1.85,10.0.0.158,1331,42.56713987120757,TCP,0
2026-04-14 13:51:48.182348,192.168.1.122,10.0.0.18,948,43.684602780757864,TCP,0
2026-04-14 13:51:49.182348,192.168.1.33,10.0.0.203,1435,74.82715552897528,UDP,0
2026-04-14 13:51:50.182348,192.168.1.54,10.0.0.34,1380,45.19365175321964,TCP,0
2026-04-14 13:51:51.182348,192.168.1.245,10.0.0.136,1382,38.432678158682194,UDP,0
2026-04-14 13:51:52.182348,192.168.1.164,10.0.0.11,234,40.7958210773308,TCP,0
2026-04-14 13:51:53.182348,192.168.1.4,10.0.0.151,1017,53.552912903523065,UDP,0
2026-04-14 13:51:54.182348,192.168.1.14,10.0.0.164,697,54.23731347095154,UDP,0
2026-04-14 13:51:55.182348,192.168.1.24,10.0.0.107,715,44.215218624977986,UDP,0
2026-04-14 13:51:56.182348,192.168.1.58,10.0.0.232,937,29.057769862925475,TCP,0
2026-04-14 13:51:57.182348,192.168.1.238,10.0.0.136,1261,39.14902071795396,TCP,0
2026-04-14 13:51:58.182348,192.168.1.36,10.0.0.73,1069,50.32523014809835,UDP,0
2026-04-14 13:51:59.182348,192.168.1.4,10.0.0.252,790,40.91802741511803,TCP,0
2026-04-14 13:52:00.182348,192.168.1.116,10.0.0.143,707,45.52310151492233,TCP,0
2026-04-14 13:52:01.182348,192.168.1.207,10.0.0.204,817,67.53209707977854,TCP,0
2026-04-14 13:52:02.182348,192.168.1.197,10.0.0.113,512,50.986108633051984,UDP,0
2026-04-14 13:52:03.182348,192.168.1.154,10.0.0.240,912,38.94231639618786,UDP,0
2026-04-14 13:52:04.182348,192.168.1.70,10.0.0.210,395,64.12795614448638,TCP,0
2026-04-14 13:52:05.182348,192.168.1.249,10.0.0.192,1466,33.15143680796459,UDP,0
2026-04-14 13:52:06.182348,192.168.1.126,10.0.0.238,1250,67.85209229438303,UDP,0
2026-04-14 13:52:07.182348,192.168.1.171,10.0.0.137,912,48.80552740991763,TCP,0
2026-04-14 13:52:08.182348,192.168.1.243,10.0.0.30,1352,59.42161810215106,TCP,0
2026-04-14 13:52:09.182348,192.168.1.217,10.0.0.54,474,48.36371166213094,TCP,0
2026-04-14 13:52:10.182348,192.168.1.93,10.0.0.217,381,67.62710343718341,TCP,0
2026-04-14 13:52:11.182348,192.168.1.221,10.0.0.30,979,49.02880025025051,TCP,0
2026-04-14 13:52:12.182348,192.168.1.4,10.0.0.222,856,46.769217970723844,UDP,0
2026-04-14 13:52:13.182348,192.168.1.90,10.0.0.119,774,47.71423163700182,UDP,0
2026-04-14 13:52:14.182348,192.168.1.14,10.0.0.59,610,40.89090085870559,UDP,0
2026-04-14 13:52:15.182348,192.168.1.181,10.0.0.24,795,45.4646031114164,UDP,0
2026-04-14 13:52:16.182348,192.168.1.9,10.0.0.2,1031,51.60725818226125,TCP,0
2026-04-14 13:52:17.182348,192.168.1.109,10.0.0.26,518,64.004773718783,UDP,0
2026-04-14 13:52:18.182348,192.168.1.202,10.0.0.64,545,47.5558943208053,TCP,0
2026-04-14 13:52:19.182348,192.168.1.204,10.0.0.82,426,42.53922312111992,UDP,0
2026-04-14 13:52:20.182348,192.168.1.24,10.0.0.244,601,65.32773421871326,UDP,0
2026-04-14 13:52:21.182348,192.168.1.31,10.0.0.239,1372,46.64407797123484,UDP,0
2026-04-14 13:52:22.182348,192.168.1.20,10.0.0.232,78,50.784559505460635,TCP,0
2026-04-14 13:52:23.182348,192.168.1.217,10.0.0.146,207,55.75406472176459,UDP,0
2026-04-14 13:52:24.182348,192.168.1.92,10.0.0.105,1447,45.74668897408947,UDP,0
2026-04-14 13:52:25.182348,192.168.1.224,10.0.0.54,1333,33.4500357071838,TCP,0
2026-04-14 13:52:26.182348,192.168.1.186,10.0.0.70,716,40.7472100302457,TCP,0
2026-04-14 13:52:27.182348,192.168.1.105,10.0.0.104,391,39.43010081951711,UDP,0
2026-04-14 13:52:28.182348,192.168.1.140,10.0.0.108,1406,20.42884106326329,UDP,0
2026-04-14 13:52:29.182348,192.168.1.24,10.0.0.129,163,50.2335259251936,TCP,0
2026-04-14 13:52:30.182348,192.168.1.84,10.0.0.191,494,40.76690480760649,TCP,0
2026-04-14 13:52:31.182348,192.168.1.77,10.0.0.207,853,60.88644373689804,UDP,0
2026-04-14 13:52:32.182348,192.168.1.250,10.0.0.212,501,44.751435009443334,TCP,0
2026-04-14 13:52:33.182348,192.168.1.231,10.0.0.250,1147,41.80437131972901,UDP,0
2026-04-14 13:52:34.182348,192.168.1.180,10.0.0.156,1422,46.376904993939476,TCP,0
2026-04-14 13:52:35.182348,192.168.1.66,10.0.0.185,408,61.95989217553526,TCP,0
2026-04-14 13:52:36.182348,192.168.1.240,10.0.0.114,1191,50.501806106595,UDP,0
2026-04-14 13:52:37.182348,192.168.1.133,10.0.0.199,1442,45.35324465883008,TCP,0
2026-04-14 13:52:38.182348,192.168.1.232,10.0.0.52,1373,49.76266954958709,TCP,0
2026-04-14 13:52:39.182348,192.168.1.27,10.0.0.25,745,47.619358823180555,TCP,0
2026-04-14 13:52:40.182348,192.168.1.58,10.0.0.203,1170,36.5224462059753,UDP,0
2026-04-14 13:52:41.182348,192.168.1.220,10.0.0.163,125,56.46432216880926,UDP,0
2026-04-14 13:52:42.182348,192.168.1.103,10.0.0.43,591,32.85457047299724,TCP,0
2026-04-14 13:52:43.182348,192.168.1.139,10.0.0.91,743,72.63564576077395,UDP,0
2026-04-14 13:52:44.182348,192.168.1.208,10.0.0.23,264,63.12444064641493,UDP,0
2026-04-14 13:52:45.182348,192.168.1.49,10.0.0.114,986,72.73012026045272,TCP,0
2026-04-14 13:52:46.182348,192.168.1.135,10.0.0.123,697,61.72425774028992,TCP,0
2026-04-14 13:52:47.182348,192.168.1.77,10.0.0.140,723,59.94793966459191,UDP,0
2026-04-14 13:52:48.182348,192.168.1.50,10.0.0.148,1400,62.027126239434466,TCP,0
2026-04-14 13:52:49.182348,192.168.1.168,10.0.0.173,1404,41.609703354840555,UDP,0
2026-04-14 13:52:50.182348,192.168.1.46,10.0.0.225,443,29.438163969986903,UDP,0
2026-04-14 13:52:51.182348,192.168.1.165,10.0.0.255,690,51.91597486165563,UDP,0
2026-04-14 13:52:52.182348,192.168.1.219,10.0.0.220,372,261.0,UDP,0
2026-04-14 13:52:53.182348,192.168.1.103,10.0.0.59,1130,40.59867256264873,UDP,0
2026-04-14 13:52:54.182348,192.168.1.229,10.0.0.243,969,36.00157082044255,TCP,0
2026-04-14 13:52:55.182348,192.168.1.132,10.0.0.102,128,43.003782705521374,UDP,0
2026-04-14 13:52:56.182348,192.168.1.47,10.0.0.164,1470,49.593311214354365,UDP,0
2026-04-14 13:52:57.182348,192.168.1.127,10.0.0.70,628,44.314268188733415,TCP,1
2026-04-14 13:52:58.182348,192.168.1.251,10.0.0.101,534,52.64164984767156,TCP,0
2026-04-14 13:52:59.182348,192.168.1.179,10.0.0.185,1110,55.97207839575871,TCP,0
2026-04-14 13:53:00.182348,192.168.1.66,10.0.0.165,1066,48.14740002652075,TCP,0
2026-04-14 13:53:01.182348,192.168.1.82,10.0.0.56,763,59.112881408716405,TCP,1
2026-04-14 13:53:02.182348,192.168.1.157,10.0.0.197,1469,50.06609271138674,TCP,0
2026-04-14 13:53:03.182348,192.168.1.123,10.0.0.234,1487,46.34220408566248,UDP,0
2026-04-14 13:53:04.182348,192.168.1.16,10.0.0.121,1491,65.80251661530991,TCP,0
2026-04-14 13:53:05.182348,192.168.1.23,10.0.0.237,1181,49.797730230477754,TCP,0
2026-04-14 13:53:06.182348,192.168.1.53,10.0.0.78,436,56.077280561159085,TCP,0
2026-04-14 13:53:07.182348,192.168.1.146,10.0.0.23,386,48.609425006332174,UDP,0
2026-04-14 13:53:08.182348,192.168.1.238,10.0.0.163,635,50.82375347708144,TCP,0
2026-04-14 13:53:09.182348,192.168.1.252,10.0.0.81,641,50.64056309513831,TCP,0
2026-04-14 13:53:10.182348,192.168.1.144,10.0.0.102,645,47.27660865334554,UDP,0
2026-04-14 13:53:11.182348,192.168.1.42,10.0.0.86,761,34.0554957355226,UDP,0
2026-04-14 13:53:12.182348,192.168.1.167,10.0.0.91,358,40.79433989487747,UDP,0
2026-04-14 13:53:13.182348,192.168.1.8,10.0.0.50,804,47.30898270115659,UDP,0
2026-04-14 13:53:14.182348,192.168.1.82,10.0.0.237,152,51.92691430490964,UDP,0
2026-04-14 13:53:15.182348,192.168.1.67,10.0.0.96,1035,64.55517299687888,UDP,0
2026-04-14 13:53:16.182348,192.168.1.180,10.0.0.126,1109,57.22404963188489,TCP,0
2026-04-14 13:53:17.182348,192.168.1.113,10.0.0.74,84,201.0,UDP,0
2026-04-14 13:53:18.182348,192.168.1.104,10.0.0.254,90,42.094435563877305,UDP,0
2026-04-14 13:53:19.182348,192.168.1.190,10.0.0.20,897,46.54581442533415,UDP,0
2026-04-14 13:53:20.182348,192.168.1.28,10.0.0.84,701,30.38880411807709,UDP,0
2026-04-14 13:53:21.182348,192.168.1.81,10.0.0.225,430,63.56681171344096,TCP,0
2026-04-14 13:53:22.182348,192.168.1.150,10.0.0.39,814,63.950953920424695,UDP,0
2026-04-14 13:53:23.182348,192.168.1.101,10.0.0.108,454,48.514201869476715,TCP,0
2026-04-14 13:53:24.182348,192.168.1.143,10.0.0.224,475,51.07878953723149,UDP,0
2026-04-14 13:53:25.182348,192.168.1.212,10.0.0.29,516,39.63479585483538,UDP,0
2026-04-14 13:53:26.182348,192.168.1.219,10.0.0.12,1240,29.649106264395794,UDP,0
2026-04-14 13:53:27.182348,192.168.1.19,10.0.0.167,331,38.2325571916443,UDP,0
2026-04-14 13:53:28.182348,192.168.1.224,10.0.0.57,857,45.83816588009487,TCP,0
2026-04-14 13:53:29.182348,192.168.1.255,10.0.0.116,102,35.750312040504625,UDP,0
2026-04-14 13:53:30.182348,192.168.1.244,10.0.0.38,749,60.2560626516117,TCP,0
2026-04-14 13:53:31.182348,192.168.1.187,10.0.0.218,1386,47.58547932134737,TCP,0
2026-04-14 13:53:32.182348,192.168.1.177,10.0.0.169,1400,48.23054603700491,UDP,0
2026-04-14 13:53:33.182348,192.168.1.176,10.0.0.200,1004,57.67891380091854,UDP,0
2026-04-14 13:53:34.182348,192.168.1.197,10.0.0.159,625,37.76831931575974,UDP,0
2026-04-14 13:53:35.182348,192.168.1.186,10.0.0.113,423,71.41395335131705,TCP,0
2026-04-14 13:53:36.182348,192.168.1.171,10.0.0.183,1173,59.47912785165593,TCP,0
2026-04-14 13:53:37.182348,192.168.1.114,10.0.0.117,653,51.709633029864364,TCP,1
2026-04-14 13:53:38.182348,192.168.1.219,10.0.0.213,566,47.16857225553045,UDP,0
2026-04-14 13:53:39.182348,192.168.1.77,10.0.0.255,1018,62.68191061711586,TCP,0
2026-04-14 13:53:40.182348,192.168.1.166,10.0.0.165,226,54.823684488889384,UDP,0
2026-04-14 13:53:41.182348,192.168.1.143,10.0.0.22,229,38.92751465752977,TCP,0
2026-04-14 13:53:42.182348,192.168.1.21,10.0.0.176,734,55.99533281539232,TCP,0
2026-04-14 13:53:43.182348,192.168.1.8,10.0.0.112,1382,35.2304368898272,UDP,0
2026-04-14 13:53:44.182348,192.168.1.99,10.0.0.25,394,30.32805217316071,TCP,0
2026-04-14 13:53:45.182348,192.168.1.129,10.0.0.166,120,50.81469194094781,UDP,0
2026-04-14 13:53:46.182348,192.168.1.217,10.0.0.157,374,35.24486944225199,TCP,0
2026-04-14 13:53:47.182348,192.168.1.76,10.0.0.199,333,40.5812038063648,UDP,0
2026-04-14 13:53:48.182348,192.168.1.21,10.0.0.16,597,52.41895992263863,TCP,0
2026-04-14 13:53:49.182348,192.168.1.119,10.0.0.15,733,65.38098209958942,UDP,0
2026-04-14 13:53:50.182348,192.168.1.112,10.0.0.247,684,56.77224036874394,UDP,0
2026-04-14 13:53:51.182348,192.168.1.74,10.0.0.80,743,53.90992543865951,TCP,0
2026-04-14 13:53:52.182348,192.168.1.58,10.0.0.21,1423,61.99404531020227,UDP,0
2026-04-14 13:53:53.182348,192.168.1.232,10.0.0.125,1446,65.16857690904746,TCP,0
2026-04-14 13:53:54.182348,192.168.1.201,10.0.0.158,257,67.96611874450078,UDP,0
2026-04-14 13:53:55.182348,192.168.1.27,10.0.0.170,207,44.55757254174827,UDP,0
2026-04-14 13:53:56.182348,192.168.1.137,10.0.0.58,1467,30.710714866634113,TCP,0
2026-04-14 13:53:57.182348,192.168.1.168,10.0.0.52,601,278.0,TCP,0
2026-04-14 13:53:58.182348,192.168.1.80,10.0.0.249,1331,54.3763183664434,UDP,1
2026-04-14 13:53:59.182348,192.168.1.60,10.0.0.77,1353,60.894728535706406,TCP,0
2026-04-14 13:54:00.182348,192.168.1.128,10.0.0.66,215,60.71621131864777,TCP,0
2026-04-14 13:54:01.182348,192.168.1.82,10.0.0.252,249,59.64435674317072,TCP,0
2026-04-14 13:54:02.182348,192.168.1.176,10.0.0.153,1082,63.17632828091021,TCP,0
2026-04-14 13:54:03.182348,192.168.1.241,10.0.0.27,575,57.17068922029644,TCP,0
2026-04-14 13:54:04.182348,192.168.1.12,10.0.0.201,78,53.335016109688866,TCP,0
2026-04-14 13:54:05.182348,192.168.1.183,10.0.0.71,280,44.57030721603224,UDP,1
2026-04-14 13:54:06.182348,192.168.1.105,10.0.0.6,1305,51.74581471041291,UDP,0
2026-04-14 13:54:07.182348,192.168.1.164,10.0.0.14,1137,52.0137891428675,TCP,0
2026-04-14 13:54:08.182348,192.168.1.72,10.0.0.126,1390,52.83608398626874,UDP,0
2026-04-14 13:54:09.182348,192.168.1.156,10.0.0.179,1333,46.630116948889054,UDP,0
2026-04-14 13:54:10.182348,192.168.1.56,10.0.0.74,450,57.06989979208296,TCP,0
2026-04-14 13:54:11.182348,192.168.1.100,10.0.0.148,1277,49.38911460494354,TCP,0
2026-04-14 13:54:12.182348,192.168.1.61,10.0.0.100,395,57.56944262398107,UDP,0
2026-04-14 13:54:13.182348,192.168.1.132,10.0.0.168,1410,40.25785342612696,TCP,0
2026-04-14 13:54:14.182348,192.168.1.22,10.0.0.112,562,61.54738368987965,TCP,0
2026-04-14 13:54:15.182348,192.168.1.91,10.0.0.35,1420,51.12404841275706,UDP,0
2026-04-14 13:54:16.182348,192.168.1.76,10.0.0.251,258,44.6192184956622,UDP,0
2026-04-14 13:54:17.182348,192.168.1.65,10.0.0.71,1197,49.566366415019516,UDP,0
2026-04-14 13:54:18.182348,192.168.1.241,10.0.0.215,1023,51.56685847965714,UDP,0
2026-04-14 13:54:19.182348,192.168.1.13,10.0.0.105,1208,65.31890072560876,TCP,0
2026-04-14 13:54:20.182348,192.168.1.70,10.0.0.34,1182,46.32350110955593,UDP,0
2026-04-14 13:54:21.182348,192.168.1.202,10.0.0.211,1067,41.10986350190376,UDP,0
2026-04-14 13:54:22.182348,192.168.1.58,10.0.0.242,760,41.276597526218765,UDP,0
2026-04-14 13:54:23.182348,192.168.1.59,10.0.0.145,1116,56.731048510866025,TCP,0
2026-04-14 13:54:24.182348,192.168.1.86,10.0.0.77,468,39.04875208190554,UDP,0
2026-04-14 13:54:25.182348,192.168.1.49,10.0.0.4,1475,57.76358504635977,TCP,0
2026-04-14 13:54:26.182348,192.168.1.49,10.0.0.67,510,44.707532337745654,UDP,0
2026-04-14 13:54:27.182348,192.168.1.237,10.0.0.123,197,54.55279233010678,TCP,0
2026-04-14 13:54:28.182348,192.168.1.142,10.0.0.97,1339,53.86973008177374,UDP,0
2026-04-14 13:54:29.182348,192.168.1.192,10.0.0.2,1171,49.95912010489646,UDP,0
2026-04-14 13:54:30.182348,192.168.1.166,10.0.0.47,245,44.8108687908512,UDP,0
2026-04-14 13:54:31.182348,192.168.1.86,10.0.0.58,953,36.11118851143086,TCP,0
2026-04-14 13:54:32.182348,192.168.1.109,10.0.0.198,236,63.51051213865756,TCP,0
2026-04-14 13:54:33.182348,192.168.1.14,10.0.0.222,866,52.93480597043903,UDP,0
2026-04-14 13:54:34.182348,192.168.1.80,10.0.0.174,1087,30.32148975648235,UDP,0
2026-04-14 13:54:35.182348,192.168.1.25,10.0.0.196,563,33.26985236508823,UDP,0
2026-04-14 13:54:36.182348,192.168.1.118,10.0.0.17,1496,283.0,UDP,0
2026-04-14 13:54:37.182348,192.168.1.129,10.0.0.65,1133,41.1822187717782,UDP,0
2026-04-14 13:54:38.182348,192.168.1.89,10.0.0.225,873,52.85215712724817,TCP,0
2026-04-14 13:54:39.182348,192.168.1.191,10.0.0.50,198,45.937057399663345,TCP,0
2026-04-14 13:54:40.182348,192.168.1.93,10.0.0.207,1338,52.141117334107236,UDP,0
2026-04-14 13:54:41.182348,192.168.1.77,10.0.0.95,961,43.612827456447214,UDP,0
2026-04-14 13:54:42.182348,192.168.1.180,10.0.0.200,1407,45.85465440388697,UDP,0
2026-04-14 13:54:43.182348,192.168.1.94,10.0.0.154,610,55.56757460510066,UDP,0
2026-04-14 13:54:44.182348,192.168.1.94,10.0.0.5,502,48.90167718820731,TCP,0
2026-04-14 13:54:45.182348,192.168.1.206,10.0.0.209,672,47.26304732634809,TCP,0
2026-04-14 13:54:46.182348,192.168.1.3,10.0.0.7,363,59.62624693706438,UDP,0
2026-04-14 13:54:47.182348,192.168.1.50,10.0.0.173,349,52.97009783688074,UDP,0
2026-04-14 13:54:48.182348,192.168.1.112,10.0.0.90,500,28.265870152840872,TCP,0
2026-04-14 13:54:49.182348,192.168.1.37,10.0.0.205,1429,51.122720394082336,TCP,0
2026-04-14 13:54:50.182348,192.168.1.113,10.0.0.181,550,50.24731728540806,TCP,0
2026-04-14 13:54:51.182348,192.168.1.151,10.0.0.154,855,73.56579697895768,TCP,0
2026-04-14 13:54:52.182348,192.168.1.20,10.0.0.221,543,31.969604004564903,TCP,0
2026-04-14 13:54:53.182348,192.168.1.72,10.0.0.89,1019,33.758461674748744,TCP,0
2026-04-14 13:54:54.182348,192.168.1.235,10.0.0.143,115,51.75446060138837,UDP,0
2026-04-14 13:54:55.182348,192.168.1.27,10.0.0.198,1292,44.84782375369449,TCP,0
2026-04-14 13:54:56.182348,192.168.1.228,10.0.0.163,1103,52.683059224312736,TCP,0
2026-04-14 13:54:57.182348,192.168.1.109,10.0.0.44,502,51.37568736675428,TCP,0
2026-04-14 13:54:58.182348,192.168.1.67,10.0.0.250,457,54.56362209388433,TCP,0
2026-04-14 13:54:59.182348,192.168.1.111,10.0.0.241,540,54.453004340466826,UDP,0
2026-04-14 13:55:00.182348,192.168.1.249,10.0.0.5,232,48.250503739673874,UDP,0
2026-04-14 13:55:01.182348,192.168.1.119,10.0.0.7,746,189.0,TCP,0
2026-04-14 13:55:02.182348,192.168.1.169,10.0.0.150,195,61.08479221295993,UDP,0
2026-04-14 13:55:03.182348,192.168.1.194,10.0.0.162,709,38.72812395291148,UDP,0
2026-04-14 13:55:04.182348,192.168.1.13,10.0.0.232,1415,28.93608769745708,TCP,0
2026-04-14 13:55:05.182348,192.168.1.113,10.0.0.76,373,40.2980034818661,UDP,0
2026-04-14 13:55:06.182348,192.168.1.230,10.0.0.140,899,54.82239803972958,UDP,0
2026-04-14 13:55:07.182348,192.168.1.129,10.0.0.154,806,26.202480080619715,TCP,0
2026-04-14 13:55:08.182348,192.168.1.186,10.0.0.179,124,40.73102513221761,TCP,0
2026-04-14 13:55:09.182348,192.168.1.19,10.0.0.23,224,53.89768060769574,TCP,0
2026-04-14 13:55:10.182348,192.168.1.43,10.0.0.219,577,42.731808812025804,TCP,0
2026-04-14 13:55:11.182348,192.168.1.63,10.0.0.109,1285,46.349124826592835,UDP,0
2026-04-14 13:55:12.182348,192.168.1.112,10.0.0.127,1045,63.30453128809166,UDP,0
2026-04-14 13:55:13.182348,192.168.1.30,10.0.0.193,1038,55.93908007269279,TCP,0
2026-04-14 13:55:14.182348,192.168.1.155,10.0.0.201,805,47.05806141925814,UDP,0
2026-04-14 13:55:15.182348,192.168.1.16,10.0.0.40,745,51.95966368232199,TCP,0
2026-04-14 13:55:16.182348,192.168.1.222,10.0.0.130,1311,55.27942141772895,UDP,0
2026-04-14 13:55:17.182348,192.168.1.98,10.0.0.97,488,57.11360250133176,TCP,0
2026-04-14 13:55:18.182348,192.168.1.55,10.0.0.13,1160,41.98753628277336,TCP,0
2026-04-14 13:55:19.182348,192.168.1.142,10.0.0.188,1340,47.007402395797904,TCP,0
2026-04-14 13:55:20.182348,192.168.1.158,10.0.0.112,528,53.37875694699448,TCP,0
2026-04-14 13:55:21.182348,192.168.1.100,10.0.0.67,570,61.894501354215095,TCP,0
2026-04-14 13:55:22.182348,192.168.1.156,10.0.0.194,278,52.05129282064392,TCP,0
2026-04-14 13:55:23.182348,192.168.1.144,10.0.0.82,514,63.61338235568142,UDP,0
2026-04-14 13:55:24.182348,192.168.1.2,10.0.0.247,118,51.140744656095926,UDP,0
2026-04-14 13:55:25.182348,192.168.1.110,10.0.0.62,831,34.80327778304378,TCP,0
2026-04-14 13:55:26.182348,192.168.1.239,10.0.0.130,736,52.977364765418365,UDP,0
2026-04-14 13:55:27.182348,192.168.1.210,10.0.0.158,523,43.27495650971158,TCP,0
2026-04-14 13:55:28.182348,192.168.1.176,10.0.0.139,1114,62.52138825863439,TCP,0
2026-04-14 13:55:29.182348,192.168.1.57,10.0.0.44,737,34.68120522790481,UDP,0
2026-04-14 13:55:30.182348,192.168.1.186,10.0.0.19,195,49.26463562622577,UDP,0
2026-04-14 13:55:31.182348,192.168.1.214,10.0.0.89,1150,30.68101399607569,UDP,0
2026-04-14 13:55:32.182348,192.168.1.55,10.0.0.32,1182,51.74140551119662,UDP,0
2026-04-14 13:55:33.182348,192.168.1.151,10.0.0.250,858,51.44848772203873,TCP,0
2026-04-14 13:55:34.182348,192.168.1.63,10.0.0.72,1170,51.99488788454344,UDP,0
2026-04-14 13:55:35.182348,192.168.1.243,10.0.0.50,883,38.22607439301455,UDP,0
2026-04-14 13:55:36.182348,192.168.1.29,10.0.0.255,757,60.24102842782189,TCP,0
2026-04-14 13:55:37.182348,192.168.1.34,10.0.0.64,289,39.89306005560984,TCP,0
2026-04-14 13:55:38.182348,192.168.1.21,10.0.0.140,573,60.075591534160985,TCP,0
2026-04-14 13:55:39.182348,192.168.1.79,10.0.0.195,64,45.51869379729776,TCP,0
2026-04-14 13:55:40.182348,192.168.1.231,10.0.0.236,500,60.11875163698626,TCP,0
2026-04-14 13:55:41.182348,192.168.1.105,10.0.0.144,719,51.16980484782433,TCP,0
2026-04-14 13:55:42.182348,192.168.1.173,10.0.0.137,700,61.10333699390062,TCP,0
2026-04-14 13:55:43.182348,192.168.1.250,10.0.0.232,82,163.0,TCP,0
2026-04-14 13:55:44.182348,192.168.1.199,10.0.0.152,643,61.56702329961724,UDP,0
2026-04-14 13:55:45.182348,192.168.1.101,10.0.0.208,883,48.20226295172417,TCP,0
2026-04-14 13:55:46.182348,192.168.1.106,10.0.0.163,843,262.0,TCP,0
2026-04-14 13:55:47.182348,192.168.1.217,10.0.0.69,105,42.01095166485243,UDP,0
2026-04-14 13:55:48.182348,192.168.1.105,10.0.0.14,409,29.283597326992915,UDP,0
2026-04-14 13:55:49.182348,192.168.1.2,10.0.0.211,807,36.815954926832006,TCP,0
2026-04-14 13:55:50.182348,192.168.1.195,10.0.0.71,1213,42.865612796234444,UDP,0
2026-04-14 13:55:51.182348,192.168.1.144,10.0.0.165,1271,55.22622836839168,TCP,0
2026-04-14 13:55:52.182348,192.168.1.209,10.0.0.203,924,244.0,TCP,0
2026-04-14 13:55:53.182348,192.168.1.196,10.0.0.31,1150,50.688830692814165,UDP,0
2026-04-14 13:55:54.182348,192.168.1.182,10.0.0.212,1263,47.536863042297554,UDP,0
2026-04-14 13:55:55.182348,192.168.1.60,10.0.0.60,232,49.789053920116466,TCP,0
2026-04-14 13:55:56.182348,192.168.1.121,10.0.0.222,1300,50.2628058691531,UDP,0
2026-04-14 13:55:57.182348,192.168.1.72,10.0.0.156,766,38.04922487710826,TCP,0
2026-04-14 13:55:58.182348,192.168.1.5,10.0.0.241,1481,59.50239933673106,TCP,0
2026-04-14 13:55:59.182348,192.168.1.6,10.0.0.54,1076,57.82648151155147,TCP,0
2026-04-14 13:56:00.182348,192.168.1.235,10.0.0.7,426,66.0742120586125,TCP,0
2026-04-14 13:56:01.182348,192.168.1.188,10.0.0.96,121,228.0,UDP,0
2026-04-14 13:56:02.182348,192.168.1.248,10.0.0.126,1173,44.6275787701093,TCP,0
2026-04-14 13:56:03.182348,192.168.1.216,10.0.0.41,1019,45.45770054720603,UDP,0
2026-04-14 13:56:04.182348,192.168.1.217,10.0.0.175,934,53.09741207778671,UDP,0
2026-04-14 13:56:05.182348,192.168.1.58,10.0.0.8,725,40.30755592347934,TCP,0
2026-04-14 13:56:06.182348,192.168.1.216,10.0.0.128,1248,176.0,UDP,0
2026-04-14 13:56:07.182348,192.168.1.236,10.0.0.143,816,46.5041041031025,UDP,0
2026-04-14 13:56:08.182348,192.168.1.86,10.0.0.204,890,46.256450516390096,UDP,0
2026-04-14 13:56:09.182348,192.168.1.67,10.0.0.114,1032,41.89209861985266,UDP,0
2026-04-14 13:56:10.182348,192.168.1.47,10.0.0.192,427,55.780759359356665,TCP,0
2026-04-14 13:56:11.182348,192.168.1.20,10.0.0.108,121,60.47199999648806,TCP,0
2026-04-14 13:56:12.182348,192.168.1.211,10.0.0.212,1459,49.808211725111036,UDP,0
2026-04-14 13:56:13.182348,192.168.1.121,10.0.0.13,408,45.02479750049006,UDP,0
2026-04-14 13:56:14.182348,192.168.1.221,10.0.0.13,1161,55.68131822708157,TCP,0
2026-04-14 13:56:15.182348,192.168.1.204,10.0.0.123,968,44.388424093401035,UDP,0
2026-04-14 13:56:16.182348,192.168.1.85,10.0.0.68,1415,51.32199583772975,UDP,0
2026-04-14 13:56:17.182348,192.168.1.13,10.0.0.141,437,57.40815781180826,TCP,0
2026-04-14 13:56:18.182348,192.168.1.77,10.0.0.76,892,50.64664629358791,UDP,0
2026-04-14 13:56:19.182348,192.168.1.249,10.0.0.92,576,42.16906616805818,UDP,0
2026-04-14 13:56:20.182348,192.168.1.52,10.0.0.98,1269,45.228580952929505,UDP,0
2026-04-14 13:56:21.182348,192.168.1.123,10.0.0.184,134,52.202014020664755,TCP,0
2026-04-14 13:56:22.182348,192.168.1.211,10.0.0.126,944,49.88778552503659,UDP,0
2026-04-14 13:56:23.182348,192.168.1.133,10.0.0.60,766,69.55774735175702,TCP,0
2026-04-14 13:56:24.182348,192.168.1.17,10.0.0.133,336,44.10067906370065,UDP,0
2026-04-14 13:56:25.182348,192.168.1.245,10.0.0.214,669,44.4940119993491,UDP,0
2026-04-14 13:56:26.182348,192.168.1.67,10.0.0.42,75,49.091523365330616,UDP,0
2026-04-14 13:56:27.182348,192.168.1.46,10.0.0.101,433,36.65917550279663,UDP,0
2026-04-14 13:56:28.182348,192.168.1.133,10.0.0.217,166,57.90794729796477,UDP,0
2026-04-14 13:56:29.182348,192.168.1.235,10.0.0.241,339,63.51177968352624,TCP,0
2026-04-14 13:56:30.182348,192.168.1.205,10.0.0.154,867,41.1115245852713,TCP,0
2026-04-14 13:56:31.182348,192.168.1.147,10.0.0.70,748,34.71336349584925,TCP,0
2026-04-14 13:56:32.182348,192.168.1.101,10.0.0.70,950,27.256470947945544,TCP,0
2026-04-14 13:56:33.182348,192.168.1.168,10.0.0.155,596,39.73083986216275,UDP,0
2026-04-14 13:56:34.182348,192.168.1.113,10.0.0.98,1448,37.12198441321815,UDP,0
2026-04-14 13:56:35.182348,192.168.1.173,10.0.0.146,757,43.871118688348865,TCP,0
2026-04-14 13:56:36.182348,192.168.1.115,10.0.0.73,1405,257.0,TCP,0
2026-04-14 13:56:37.182348,192.168.1.209,10.0.0.229,279,58.86780568638876,UDP,0
2026-04-14 13:56:38.182348,192.168.1.111,10.0.0.120,1380,49.722574977290186,UDP,0
2026-04-14 13:56:39.182348,192.168.1.161,10.0.0.211,234,271.0,UDP,0
2026-04-14 13:56:40.182348,192.168.1.207,10.0.0.93,1098,49.923653960481396,UDP,0
2026-04-14 13:56:41.182348,192.168.1.35,10.0.0.249,447,46.50671479663528,TCP,0
2026-04-14 13:56:42.182348,192.168.1.80,10.0.0.188,155,64.76496761521217,UDP,0
2026-04-14 13:56:43.182348,192.168.1.105,10.0.0.119,1112,55.15924679892862,TCP,1
2026-04-14 13:56:44.182348,192.168.1.224,10.0.0.52,737,185.0,UDP,0
2026-04-14 13:56:45.182348,192.168.1.240,10.0.0.230,997,43.38397935121249,TCP,0
2026-04-14 13:56:46.182348,192.168.1.230,10.0.0.126,820,200.0,UDP,0
2026-04-14 13:56:47.182348,192.168.1.187,10.0.0.223,1102,53.007368296689656,TCP,0
2026-04-14 13:56:48.182348,192.168.1.178,10.0.0.118,1322,55.46172211264549,UDP,0
2026-04-14 13:56:49.182348,192.168.1.35,10.0.0.243,141,66.78320479549491,UDP,0
2026-04-14 13:56:50.182348,192.168.1.193,10.0.0.14,893,40.313422884544636,TCP,0
2026-04-14 13:56:51.182348,192.168.1.152,10.0.0.158,580,240.0,UDP,0
2026-04-14 13:56:52.182348,192.168.1.112,10.0.0.161,1043,47.37958680307971,UDP,0
2026-04-14 13:56:53.182348,192.168.1.129,10.0.0.108,293,47.776513757424866,UDP,0
2026-04-14 13:56:54.182348,192.168.1.201,10.0.0.249,579,248.0,UDP,0
2026-04-14 13:56:55.182348,192.168.1.48,10.0.0.229,678,57.820118389368226,UDP,0
2026-04-14 13:56:56.182348,192.168.1.224,10.0.0.121,1242,47.001952590670015,TCP,0
2026-04-14 13:56:57.182348,192.168.1.101,10.0.0.199,173,42.589973678879026,UDP,0
2026-04-14 13:56:58.182348,192.168.1.230,10.0.0.93,1332,33.68757649577461,TCP,0
2026-04-14 13:56:59.182348,192.168.1.157,10.0.0.12,519,52.56987081869802,TCP,0
2026-04-14 13:57:00.182348,192.168.1.186,10.0.0.177,96,55.43189069446265,UDP,0
2026-04-14 13:57:01.182348,192.168.1.94,10.0.0.5,786,57.27577373004997,UDP,0
2026-04-14 13:57:02.182348,192.168.1.183,10.0.0.14,999,276.0,UDP,0
2026-04-14 13:57:03.182348,192.168.1.197,10.0.0.53,580,32.500002232012164,UDP,0
2026-04-14 13:57:04.182348,192.168.1.143,10.0.0.77,686,37.68791225213279,TCP,0
2026-04-14 13:57:05.182348,192.168.1.196,10.0.0.238,1423,60.118849914326034,UDP,1
2026-04-14 13:57:06.182348,192.168.1.24,10.0.0.109,1085,34.13477528165269,UDP,0
2026-04-14 13:57:07.182348,192.168.1.32,10.0.0.95,447,45.89366859146801,UDP,0
2026-04-14 13:57:08.182348,192.168.1.180,10.0.0.244,751,45.5911920545622,TCP,0
2026-04-14 13:57:09.182348,192.168.1.254,10.0.0.60,825,58.16710989679829,UDP,0
2026-04-14 13:57:10.182348,192.168.1.252,10.0.0.35,1047,36.71160195639477,UDP,0
2026-04-14 13:57:11.182348,192.168.1.129,10.0.0.92,1047,151.0,TCP,0
2026-04-14 13:57:12.182348,192.168.1.158,10.0.0.157,392,45.41150294084077,UDP,0
2026-04-14 13:57:13.182348,192.168.1.107,10.0.0.58,373,45.42046818172215,UDP,0
2026-04-14 13:57:14.182348,192.168.1.190,10.0.0.240,891,58.483999284151444,UDP,0
2026-04-14 13:57:15.182348,192.168.1.59,10.0.0.202,904,36.61938922874857,TCP,0
2026-04-14 13:57:16.182348,192.168.1.113,10.0.0.106,1029,39.3901062439631,TCP,0
2026-04-14 13:57:17.182348,192.168.1.240,10.0.0.161,126,52.22075973623657,UDP,0
2026-04-14 13:57:18.182348,192.168.1.72,10.0.0.180,504,50.10819368279936,TCP,0
2026-04-14 13:57:19.182348,192.168.1.126,10.0.0.61,1115,51.83074706146048,UDP,0
2026-04-14 13:57:20.182348,192.168.1.122,10.0.0.152,940,32.8942251535219,UDP,0
2026-04-14 13:57:21.182348,192.168.1.208,10.0.0.17,733,17.76609183429538,TCP,0
2026-04-14 13:57:22.182348,192.168.1.90,10.0.0.102,660,227.0,TCP,0
2026-04-14 13:57:23.182348,192.168.1.248,10.0.0.103,807,50.45606334534337,TCP,0
2026-04-14 13:57:24.182348,192.168.1.246,10.0.0.214,652,46.46358496370541,UDP,0
2026-04-14 13:57:25.182348,192.168.1.238,10.0.0.75,820,31.82409897629648,UDP,0
2026-04-14 13:57:26.182348,192.168.1.225,10.0.0.140,1218,59.69265864370873,UDP,0
2026-04-14 13:57:27.182348,192.168.1.204,10.0.0.236,1440,55.86173081392195,UDP,0
2026-04-14 13:57:28.182348,192.168.1.227,10.0.0.200,230,44.65868589590756,UDP,0
2026-04-14 13:57:29.182348,192.168.1.140,10.0.0.89,558,52.38337030589036,TCP,0
2026-04-14 13:57:30.182348,192.168.1.153,10.0.0.80,145,56.21840430626604,UDP,0
2026-04-14 13:57:31.182348,192.168.1.254,10.0.0.130,1371,53.81808189102707,UDP,0
2026-04-14 13:57:32.182348,192.168.1.2,10.0.0.25,177,46.26245952702026,TCP,0
2026-04-14 13:57:33.182348,192.168.1.208,10.0.0.41,1204,64.3105240565611,TCP,0
2026-04-14 13:57:34.182348,192.168.1.86,10.0.0.34,672,43.25341576937498,UDP,0
2026-04-14 13:57:35.182348,192.168.1.173,10.0.0.157,202,60.841162401092696,UDP,0
2026-04-14 13:57:36.182348,192.168.1.36,10.0.0.204,967,57.88733910026882,TCP,0
2026-04-14 13:57:37.182348,192.168.1.11,10.0.0.39,747,256.0,UDP,0
